kode,advt_median,advt_mean,rasio_mean_median,market_cap,harga_median,volume_median,turnover_bps,amihud_per_miliar,volatilitas_tahunan,rentang_harian_relatif,max_drawdown,beta_ihsg,pct_hari_volume_nol,pct_hari_harga_stagnan,umur_listing_tahun,jumlah_hari_bursa,sektor_Basic Materials,sektor_Consumer Cyclicals,sektor_Consumer Non-Cyclicals,sektor_Energy,sektor_Financials,sektor_Healthcare,sektor_Industrials,sektor_Infrastructure,sektor_Properties & Real Estate,sektor_Technology,sektor_Tidak Diketahui,sektor_Transportation & Logistics,kelas_likuiditas,kelas_kode
TRIN,-0.05295348523883837,-0.1752596664837994,0.05151215585584542,-0.34603098406975813,-0.4982585992232215,0.08363886604323081,-0.5087695441621944,-0.32752201194991365,0.13385539900567897,0.7524439628895848,-0.5827845056054165,-0.17658568175646783,-0.3417570771486425,-0.621039986768062,-0.7768204887100592,0.0,0,0,0,0,0,0,0,0,1,0,0,0,Menengah,1
PTDU,-0.6796314914291791,-1.1254036276233619,-0.24033256143729073,-1.7724746892237935,-1.6002089535541344,-0.2736044254590899,-0.6387574830785689,1.7477431152054184,0.6998840780561796,-1.140981376409276,-1.859419064041657,-0.8624810330481507,0.20922676094273265,1.05690665925334,-0.8530780304594563,0.0,0,0,0,0,0,0,0,1,0,0,0,0,Tidak Likuid,0
OMED,0.29975360722969663,0.14762712535983216,-0.5719526975643239,0.73320836329998,-0.21560506804111268,0.3998536038938929,-0.7018001264723199,-0.6086385782438615,-1.337518843120941,-0.8539991205525099,1.0510179194501676,-0.5382416638253633,-0.3417570771486425,-0.2698418515542803,-1.015822784192926,0.0,0,0,0,0,0,1,0,0,0,0,0,0,Menengah,1
LINK,-0.15793639822832659,-0.2535060717411556,0.3297668820089198,0.7101053945102462,1.1126901789277492,-0.7266403593030458,-1.0680113595656109,0.16377431289903385,0.798210052376797,0.21020030347161486,-0.541215146034048,-1.6208123860926207,-0.2535996630540225,-0.46495192667304797,-0.29951337526032584,0.0,0,0,0,0,0,0,0,1,0,0,0,0,Tidak Likuid,0
TARA,-0.48487946178678476,-0.8216668211487786,-0.11938488850245867,-1.1144432604180743,-1.8985252652625624,0.09508745869604728,-0.774364170002287,2.1644242863335323,1.5582005738546005,0.8538807807472466,-0.20733371966467046,-1.0392716884261097,-0.3417570771486425,1.3105497569077378,-0.3085805829683334,0.0,0,0,0,0,0,0,0,0,1,0,0,0,Tidak Likuid,0
HUMI,0.6299797762473964,0.721584427614531,-0.16634883892619384,-0.018145548624507547,-0.9126978993758402,1.1124077511185166,1.2565313717243582,-0.6461649102980022,0.0456379597476142,-0.4026891856191192,0.08896419535946283,-1.0586320618553289,-0.3417570771486425,1.1544616968127235,-1.0795257306543127,0.0,0,0,0,1,0,0,0,0,0,0,0,0,Likuid,2
MITI,-0.011280166457424575,-0.01353849129111484,0.4788626775061471,-0.2928484639664502,-0.2805687607866584,0.02626092245434481,-0.5000432633057889,-0.3906804192157315,0.44835672587498626,0.5872317022357109,0.6862139193609883,-0.49789754728990737,-0.3417570771486425,-0.6600620017918156,1.1338029201208746,0.0,0,0,0,0,0,0,0,0,0,0,0,1,Menengah,1
ALKA,-0.48752391810995344,-0.6432606365843885,0.6285827526313272,-0.8778654824800087,0.15435368427638368,-0.7695766251833366,-0.8924423803947319,0.8067914818440334,0.3534713472804385,0.767746750605434,-0.1608556153471595,0.03027366781823516,-0.3417570771486425,-0.6600620017918156,1.7292162262800403,0.0,1,0,0,0,0,0,0,0,0,0,0,0,Tidak Likuid,0
SOUL,0.0420733002997494,-0.14747813355144213,-0.34702679372710127,-1.5692640253616923,-1.1637400503587922,0.4848007058305332,1.4784614651824453,0.01630884461161605,1.1821463615875538,1.8114000714681728,-1.4404119114822762,0.664627043657458,-0.3417570771486425,-0.09424278394738936,-1.029539842007604,0.0,0,0,1,0,0,0,0,0,0,0,0,0,Tidak Likuid,0
GTSI,-0.1302223202520871,-0.48359565076680244,-0.6750351301080856,-0.24596570314098332,-1.1165150554400405,0.24181793907178886,-0.7333514873305818,-0.14295912225685606,-0.04292640756926706,-1.0127896724462013,0.8404444146235693,-0.32790254426153154,-0.3417570771486425,0.3740213963376531,-0.9167809769208429,0.0,0,0,0,1,0,0,0,0,0,0,0,0,Likuid,2
SAFE,0.026205782371655374,-0.23397838977777988,-0.571696701146149,-0.9311191281866738,-0.028642852823153854,-0.0463174172993493,0.3232830266857735,-0.30723769484685876,1.7391912333106296,1.9870578957047709,-1.5508774335206588,-0.20101808744743344,-0.29767837010133247,-0.9137050994462137,1.3816399308064158,0.0,0,0,0,0,0,0,0,0,0,0,0,1,Tidak Likuid,0
PSSI,0.10789253582262484,-0.13684871835555645,-0.6277415987160045,0.35949525189786036,0.28429708323536496,-0.04458181112851209,-0.7576898520375953,-0.5699411695187582,-1.2269145518860423,-0.9185533771907215,0.6372856243121695,-0.19571887660827325,-0.3417570771486425,-0.4454409191611713,-0.5975687670979088,0.0,0,0,0,1,0,0,0,0,0,0,0,0,Tidak Likuid,0
MPOW,0.35600485388264447,0.37949377691719954,-0.011195522924325638,-1.2493767503603195,-0.5989552590326038,0.6209493622192329,2.1299087058759847,-0.5955153007918934,1.6141015672759587,2.0841730837668693,0.4756580844587555,0.11770150591196965,-0.29767837010133247,-0.4844629341849247,-0.5619974137818791,0.0,0,0,0,0,0,0,0,1,0,0,0,0,Menengah,1
FISH,-3.5172664825753994,-0.7209617119123412,-0.2611785808537514,0.7534626965668352,2.248992201429948,-3.185741378482777,-1.122153201878401,0.18260221857663972,-1.0419666593470265,-1.8266545320560401,0.991249936591146,-1.3516905558378134,3.2286181936834684,2.2080561024540692,0.750887763836554,0.0,0,0,1,0,0,0,0,0,0,0,0,0,Tidak Likuid,0
RUNS,-0.40989188489613115,-0.8125082077334252,-0.4691611978464702,-1.4035111848851551,-0.9019764279576797,-0.21330948233561142,-0.352643435442207,1.2265672443043314,0.5024577065459016,1.2520927427716904,-0.4766954605957011,0.03949617292160839,-0.3417570771486425,-0.4064189041374177,-0.9167809769208429,0.0,0,0,0,0,0,0,0,0,0,1,0,0,Tidak Likuid,0
UCID,0.2728540887631783,0.16358744373247036,-0.386372713716378,0.5139484117549158,0.6393468723784052,-0.011631520937430714,-0.6258956233567473,-0.6007031426586396,-1.0672146892060006,-0.7458506710137974,-0.7259030156033482,-0.025013902533591318,-0.3417570771486425,-0.1917978215067732,-0.7707756835713873,0.0,0,0,1,0,0,0,0,0,0,0,0,0,Tidak Likuid,0
NAIK,0.8238430756461532,0.923533502488474,-0.4178556786052987,-0.13360781568043018,-0.028642852823153854,0.9823579164939099,2.1883492751788913,-0.6443023657780875,2.251361310211427,2.4735208486308733,-2.1900428373705267,1.3806201191290914,-0.30984733830457756,-1.053753435574409,-1.1573897956155645,0.0,0,0,0,0,0,0,1,0,0,0,0,0,Menengah,1
SQMI,-0.007297248539946405,-0.3113281162678101,-0.672611689468492,-0.30641656118465993,-1.1803369055827928,0.4409622142519626,-0.41404907947515196,-0.10527907405475086,0.5680185918885413,-0.8694122259826464,-1.266104936017574,-0.24371137344011093,0.18718740741907772,0.5105984489207904,0.5395520764883769,0.0,1,0,0,0,0,0,0,0,0,0,0,0,Tidak Likuid,0
WIFI,1.2871096052343733,1.5931264019713773,-0.33469679033997324,0.37212468178032987,0.8028768711638162,1.3467297982125859,3.123232358800015,-0.6501323896662754,1.576341992489899,1.3551507788672175,-0.009044948946093341,1.0995909289406751,-0.2756390165776775,-0.9527271144699672,-0.8581928655767939,0.0,0,0,0,0,0,0,0,0,0,1,0,0,Likuid,2
SMDR,0.7805633125136191,0.7937330781686223,-0.6539255163334946,0.7318549729400236,0.08555646882042062,0.8942380106775649,0.674631197158064,-0.6466134750654697,-0.3210209654905369,-0.1129054634754074,-0.33186472742843687,1.0463566470712518,-0.3417570771486425,-0.9332161069580904,0.9666408087860682,0.0,0,0,0,0,0,0,0,0,0,0,0,1,Likuid,2
BBNI,1.538056917975664,1.7850916696138652,-1.042328580788707,2.4377763290306995,1.747891009189185,1.2305532147476355,1.0737653687690714,-0.6505604167395352,-0.5935199204003935,-0.6534508390979005,0.16433153340136678,1.8237733445583801,-0.3417570771486425,-1.1283261820768582,1.1879736738635869,0.0,0,0,0,0,1,0,0,0,0,0,0,0,Likuid,2
GOLD,-0.39812340819961695,-0.5571935567827537,0.46228725713341623,-0.5246335103289028,0.04242456620624781,-0.5936487156007307,-0.9320201373602336,0.7357932467798118,0.06851155883362932,0.37612079930171927,0.5779762014562035,-0.4497237731513405,-0.3417570771486425,-0.7576170393511995,0.03202093734528522,0.0,0,0,0,0,0,0,0,1,0,0,0,0,Tidak Likuid,0
KOBX,0.17512721836262335,0.2270053204842212,0.39598205084869065,-0.5175993865572167,-0.2960026484598634,0.2579736450417813,0.26834201327868346,-0.5452691852055808,0.9340734145033991,1.0722566438082823,-0.1158837458917899,-0.20189186294130082,-0.3417570771486425,-0.7185950243274459,-0.13746609904285687,0.0,0,0,0,0,0,0,1,0,0,0,0,0,Tidak Likuid,0
RELF,-0.09950253831954117,-0.4219915753986181,-0.6137628704276047,-1.1031369837218474,-1.5674578790932507,0.46259352731614733,0.20195562977067633,-0.19494128460741775,0.49449112949883567,1.2779222118098963,-0.20733371966467046,-0.5069628451959023,-0.3417570771486425,0.9593516216939558,-1.0683660903983032,0.0,0,0,0,0,0,0,0,0,1,0,0,0,Tidak Likuid,0
KBLV,-0.31555832983682763,-0.175841279677868,1.6638802255995893,-0.9410707255345456,-0.6670884962116114,-0.1727819832594387,-0.5390172655923855,2.170533268334856,0.5589905947333362,-0.28727713385262327,-1.2436607268022193,-1.605238983714084,-0.2535996630540225,0.061845276147624625,0.912005070032689,0.0,0,0,0,0,0,0,0,1,0,0,0,0,Menengah,1
PDES,-0.3523422843052131,-0.5841637664489518,0.08676378426786573,-0.8170275204568808,0.02427347571324905,-0.5553442126506508,-0.7665281607040715,1.0964893750328422,-0.5116847586983919,-0.7677159411882987,1.1797794825223837,-1.2946903756668333,-0.2756390165776775,0.5496204639445441,0.20150797373342716,0.0,0,1,0,0,0,0,0,0,0,0,0,0,Tidak Likuid,0
ERAA,1.0577508287065371,1.1187889053234987,-0.8466637687245216,0.9057298264671935,0.3206673887234029,1.142576294687276,1.445057659798817,-0.6494388669788942,-0.020472247808680125,0.11963669908431127,0.27274391480481147,1.8494363640525253,-0.3417570771486425,-0.9137050994462137,-0.09003762795481711,0.0,0,1,0,0,0,0,0,0,0,0,0,0,Likuid,2
MGNA,-0.6274065944115148,-1.068310863035546,-0.2986231011146365,-1.3256462927628676,-1.536387103411382,-0.22186234421789156,-0.8255067887872096,3.31933237166629,0.8980870260446863,-0.8393254601576738,-0.1769441899186056,-0.7585198164956732,-0.12136354191209243,0.6081534864801742,-0.3078831054523329,0.0,0,1,0,0,0,0,0,0,0,0,0,0,Tidak Likuid,0
ROTI,0.39148146927239247,0.2741430233885815,-0.5768963502078749,0.8389982452022493,0.8092131979917857,0.0973697464609448,-0.610536279068367,-0.6412646642569232,-1.4972616121074822,-1.1208265051570656,0.7049047096217524,-0.513552488938122,-0.3417570771486425,0.8422855766226955,0.03411336989328687,0.0,0,0,1,0,0,0,0,0,0,0,0,0,Tidak Likuid,0
NEST,0.7382271806697566,0.7868172493977972,-0.4783657646824936,0.16807529285026798,0.20937880200824413,0.7605648824536556,1.3048350957842283,-0.6449811139992325,0.08712895290011513,0.35968457236992657,-0.9561755373352734,0.9679599121510309,-0.3417570771486425,-0.862858231384959,-1.1573897956155645,0.0,0,0,1,0,0,0,0,0,0,0,0,0,Menengah,1
CBRE,-0.11138235059390214,-0.13938979185548894,0.5380198422090371,-1.0768604171544343,-1.401218494911513,0.37575427963960717,0.1269212427290847,0.2151772702321536,1.0595506754031614,-0.5806919057998866,-0.30705858426826255,0.3465706992677222,-0.31971772362498746,-0.03570976141175921,-1.0302373195236045,0.0,0,0,0,1,0,0,0,0,0,0,0,0,Likuid,2
OBMD,0.14746015339745144,-0.10870412571219593,-0.7152578246554874,-0.879519436954617,-0.1266448670621036,0.15518008740752767,0.7015740173973734,-0.535021562578154,-0.20601362866198414,0.167728799589851,-0.26172657363045354,0.17259465566697046,-0.3417570771486425,-0.5039739416968015,-0.937937794906194,0.0,1,0,0,0,0,0,0,0,0,0,0,0,Tidak Likuid,0
INTA,-0.4215755795209505,-0.7774385800412431,-0.2851227860937965,-1.5552553990305586,-1.7973327009462232,0.12064446425114973,-0.29163942303750334,1.2587803742931154,1.2314757050832394,-0.47606260538155826,-1.5242133419941524,-1.1234795454070932,-0.3417570771486425,0.9593516216939558,1.464639755210485,0.0,0,0,0,0,0,0,1,0,0,0,0,0,Tidak Likuid,0
SUNI,0.4100739052838921,0.27916735075337296,-0.6461652296660798,0.30231933487132673,0.6796911615988745,0.17198931237729412,-0.011800307489170766,-0.6187415758862355,0.19113018761942935,0.16868855145920014,0.043734918611230696,0.6492360091640311,-0.3417570771486425,-0.7771280468630763,-1.0302373195236045,0.0,0,0,0,1,0,0,0,0,0,0,0,0,Tidak Likuid,0
OASA,1.0461782539341569,1.0402630167292883,-1.0241752746833572,-0.07458236310725443,-0.3576572429046299,1.4035311305101075,3.00805314874948,-0.6485356950197534,0.14662387251567516,0.6252035695082863,0.23773825395807824,0.6040432584591833,0.23126611446638767,-0.5039739416968015,-0.48016005190447714,0.0,0,0,0,0,0,0,0,1,0,0,0,0,Likuid,2
KOKA,0.286379842333884,0.3552103481128947,0.2830315980946113,-0.7988577990926038,-0.7862452300461406,0.6168548191597923,1.1402788824658094,-0.5905682880747684,0.8569024861917102,1.2237765017746935,-0.4424130572044789,-0.8682306009710258,-0.3417570771486425,-0.38690789662554087,-1.094172758490325,0.0,0,0,0,0,0,0,0,1,0,0,0,0,Menengah,1
TKIM,0.8516886084712971,0.8670326231951512,-0.7369845625043555,1.3899946587506145,1.9212830866938995,0.23665791039061498,0.012991039653103087,-0.6478600096436126,-0.5957351914997052,-0.5163427761193203,-0.32926701802851155,1.1722302159361366,-0.3417570771486425,-0.9722381219818439,1.7524654768133932,0.0,1,0,0,0,0,0,0,0,0,0,0,0,Likuid,2
APLI,-0.848483613195735,-0.5740817630219305,3.340678210741999,-0.1615295339372233,0.46117796691338087,-1.3372000726373534,-1.1121388451834833,2.5147647730561626,-0.02177966275627231,-0.12922267505451626,0.9646891442085682,-0.2213626607079654,0.14310870037176768,-0.016198753899882234,0.8966605646806762,0.0,1,0,0,0,0,0,0,0,0,0,0,0,Tidak Likuid,0
NELY,0.3390592237413496,0.04011092747173874,-1.0602609795570046,-0.0029227627926919197,0.33185934352165525,0.23035295296722516,0.1736507980493828,-0.6154572467732657,-1.2048961379097458,-0.8556306814854291,0.8506339769186758,0.006070987459456042,-0.3417570771486425,-0.11375379145926608,-0.16025036456554248,0.0,0,0,0,0,0,0,0,0,0,0,0,1,Tidak Likuid,0
ARKO,0.30004872181716497,0.26779786398376604,-0.14136789710858993,0.47059145725116697,0.7964735628958931,-0.011737225368718858,-0.4838849942045669,-0.5928419217348265,-0.028480489540310048,0.1312126731844369,0.027135091140334765,-0.06606951863631787,-0.3417570771486425,-0.5820179717443087,-0.9872262060369019,0.0,0,0,0,0,0,0,0,1,0,0,0,0,Likuid,2
ASRM,-0.5451775633031578,-0.9962054228020439,-0.4514617697307233,-0.4706369344540291,0.1395753705155051,-0.8177828863792208,-1.0356713801983992,0.5999421382664374,-1.2122923588713994,-0.8349166707186529,0.4545536061773306,-0.7130661754674416,-0.29767837010133247,0.003312253611994481,1.7559528643933957,0.0,0,0,0,0,1,0,0,0,0,0,0,0,Tidak Likuid,0
ENRG,0.9729460386501547,1.2403235880853871,-0.011152749955193728,0.8031009371444441,-0.07566408679764543,1.2103564688829314,1.3143579063860864,-0.6488851715693907,0.34201212799296316,0.5538422394826129,-0.47504148499349297,1.1336758671608982,-0.3417570771486425,-0.7185950243274459,0.5483867916910511,0.0,0,0,0,1,0,0,0,0,0,0,0,0,Likuid,2
RODA,-0.773490910032855,-1.2133853179845937,-0.07706698156064778,-0.38439680659178865,-1.197401338847313,-0.5601016239131354,-1.0994190687041498,3.3347243681903103,0.5493573535048365,-0.8400870456572705,-0.27054394153648575,-0.4350939442071305,-0.1434028954357474,0.6861975165276814,0.7713471043059046,0.0,0,0,0,0,0,0,0,0,1,0,0,0,Tidak Likuid,0
BJBR,0.7026485026287208,0.6444714224850062,-0.7824606323202519,1.0721147695390374,0.7883730500773202,0.508103915518427,-0.05630813901922991,-0.648198828715872,-1.1544509242477319,-1.1452736997898032,0.5395532303132445,0.49899065174230306,-0.3417570771486425,-0.23081983653052687,0.03178844483995162,0.0,0,0,0,0,1,0,0,0,0,0,0,0,Menengah,1
DEFI,-3.5172664825753994,-2.883712885565859,-0.2611785808537514,-0.01457928312909618,1.0608853514458956,-3.185741378482777,-1.122153201878401,3.676557894160192,-1.7213183634369758,-1.948357512943425,1.231730609891258,-1.093770957085283,4.749333586815664,3.1055624480004007,0.7964562948819256,0.0,0,0,0,0,1,0,0,0,0,0,0,0,Tidak Likuid,0
ATIC,-0.06531711640331823,-0.2617159633694345,-0.21592847790109287,-0.05252568433283834,0.2782696969738535,-0.27995273672950505,-0.7853283370935774,-0.4341438150173842,-0.012983792155714316,0.07493896266088368,-0.2639398885051019,-0.5690414140021685,-0.3417570771486425,-0.5429959567205551,-0.3927428698990706,0.0,0,0,0,0,0,0,0,0,0,1,0,0,Tidak Likuid,0
ANJT,0.5300195815402037,0.6061028891055555,-0.0743635705531404,0.4242234835281521,0.6558084104296288,0.29316643218513083,0.10787445622268178,-0.6429386114872225,-0.6325464497026867,-0.8324893240966604,1.799174968042619,-1.5828928246270904,-0.3417570771486425,-0.17228681399489648,-0.20884129818024993,0.0,0,0,1,0,0,0,0,0,0,0,0,0,Menengah,1
ITIC,-0.1331872457313118,-0.4684948792407145,-0.6121177009440962,-0.7080388093561716,-0.004015586306560363,-0.22708871953211202,-0.35805049770215575,-0.4327583827153476,-1.1119856537348494,-0.20210824634305816,0.48820129212906993,-0.5186816336394939,-0.3417570771486425,0.15940031370700847,-0.7314844501700211,0.0,0,0,1,0,0,0,0,0,0,0,0,0,Tidak Likuid,0
VICI,0.18950961880721895,-0.15964338368368744,-1.0365464948117367,0.6759649678884782,0.5543943527883464,-0.05338366649804627,-0.8251210038388553,-0.587910595214132,-1.6018550133543568,-0.8272148379784894,1.6183403022012022,-0.6337484220080994,-0.3417570771486425,0.8227745691108186,-0.8551704630074579,0.0,0,0,1,0,0,0,0,0,0,0,0,0,Menengah,1
TRUK,0.14873500863354297,0.0793321995854598,-0.05403216185020569,-1.4841717153965948,-0.5148554544472217,0.33446926026376117,1.71764571006301,-0.04990000621444589,0.017980648569454426,0.8259886020759035,0.24129815167130533,0.34910389345289683,-0.3417570771486425,-0.5820179717443087,-0.6368600004992752,0.0,0,0,0,0,0,0,0,0,0,0,0,1,Tidak Likuid,0
TOTO,0.0732876656832654,-0.12881818390605737,-0.4358632741636488,0.38262248107377606,-0.07566408679764543,0.052336458804394116,-0.826445432881535,-0.5770039157465054,-1.3864231025067333,-0.9918640583967816,1.4193999314482186,-0.5833450685594231,-0.3417570771486425,0.295977366290146,1.7036420506933518,0.0,0,0,0,0,0,0,1,0,0,0,0,0,Tidak Likuid,0
BBHI,0.31884935731055336,0.274483179902331,-0.21528733629204935,1.3517450566316827,0.7026678979193199,0.050175749719505586,-0.9680216995183903,-0.6113717873293553,0.3412889141277527,0.261491782808155,-0.3876055902942405,0.9592153036558355,-0.3417570771486425,-0.7185950243274459,-0.40088010758574405,0.0,0,0,0,0,1,0,0,0,0,0,0,0,Menengah,1
LAJU,-0.6723410563119631,-0.11840500168247622,4.125396901491711,-1.0831313458946379,-0.969351058498508,-0.5271609267485292,-0.9708252669525104,-0.6499403177959304,-0.7784388888314138,-1.705767447282379,0.8866893511936682,-1.3889111158799703,-0.3417570771486425,3.008007410441017,-1.034422184619608,0.0,0,0,0,0,0,0,0,0,0,0,0,1,Menengah,1
CLPI,0.11567280853918083,-0.1464034647676091,-0.6940333869856027,-0.5512177336892767,0.8720256793170797,-0.29646064941329886,0.12082631705596504,-0.601436118546907,-1.3318093536013411,-1.0840661839426882,1.1966851490494388,-0.46480252224436097,-0.3417570771486425,-0.11375379145926608,0.762279896597897,0.0,1,0,0,0,0,0,0,0,0,0,0,0,Tidak Likuid,0
SMRA,1.1197507559942241,1.168584132084229,-0.9532920811530219,0.9588456261747708,0.36686781879954045,1.1963372817957985,1.586387115455519,-0.6499548872647999,-0.6221245565547644,-0.2854463903870235,-0.6638519887388907,1.5061052142732112,-0.3417570771486425,-0.8941940919343369,1.7445607316320528,0.0,0,0,0,0,0,0,0,0,1,0,0,0,Likuid,2
WOMF,-0.18988287827766168,-0.49471909515410833,-0.43127864598597115,0.0855683931929193,0.20597571821822463,-0.3991624818629154,-0.9661960041055863,-0.2653620690745125,-1.3150689121307684,-0.8876482796219318,1.3892975322788463,-0.5396376360890214,-0.3417570771486425,-0.05522076892363592,0.5044457081830143,0.0,0,0,0,0,1,0,0,0,0,0,0,0,Tidak Likuid,0
DSNG,1.1107180029434605,1.1220524235099576,-1.0463497756460376,1.0428899387767958,0.7408923334838787,1.0256490071443025,1.3971871865153251,-0.6496252657996616,0.1067066417733501,0.1911846862017065,-0.5822118603278078,0.1967447712154112,-0.3417570771486425,-0.7966390543749531,-0.21744352087759045,0.0,0,0,1,0,0,0,0,0,0,0,0,0,Likuid,2
WINS,0.6213511194256196,0.5109808063437457,-0.8433718737609897,0.2610867276175082,0.2906878943442361,0.598990059665009,0.7718846417592374,-0.6388095220078791,-0.4642675827332909,-0.2637099557505164,-0.02955502195656877,0.23361273787401193,-0.3417570771486425,-0.87468308442246,-0.0016904759280764636,0.0,0,0,0,1,0,0,0,0,0,0,0,0,Menengah,1
HDIT,-0.36989878531198256,-0.6800216040857455,-0.19083079087320678,-1.7372703734873298,-1.5674578790932507,0.12606695739366927,0.18202427138764876,1.012238608473066,0.968601146900737,-0.3581938946916636,-1.2309083352025862,-0.0240097807869208,-0.3417570771486425,0.45206542638516023,-0.7333443902126893,0.0,0,0,0,0,0,0,0,0,0,1,0,0,Menengah,1
ICON,-0.8018971201949306,-1.285959548731373,-0.2027644700325294,-1.552950229512276,-1.1475858311219092,-0.5973410096390536,-0.9062128104234768,2.330120222219387,0.02963102485048868,-0.8404095700700762,0.3622932797615703,-0.20654946705708274,-0.3417570771486425,0.7447305390633118,0.45631975957897386,0.0,0,0,0,0,0,0,1,0,0,0,0,0,Tidak Likuid,0
INPP,-0.39670859849439943,-0.23936654385815767,1.899646827013825,1.1073917449404764,0.7900018419202541,-0.8970003540129327,-1.11496190555276,0.8809837546021412,-0.8005742900376924,-0.2814256893429991,0.604342993007501,-1.0666604928205101,0.1651480538954227,0.27646635877826925,0.5825631899750796,0.0,0,0,0,0,0,0,0,0,1,0,0,0,Tidak Likuid,0
ELTY,0.20757530889976955,-0.004330281365606248,-0.6492708586751993,-0.3257915702289516,-1.7973327009462232,0.9539511082081691,0.1691904383177053,-0.47383081713596253,1.2732026414608915,0.39019182506606526,-0.7479474593578261,0.6876704988099449,-0.3417570771486425,1.1349506893008467,1.2791107359543297,0.0,0,0,0,0,0,0,0,0,1,0,0,0,Menengah,1
SFAN,0.2700835709660186,-0.0723208001140223,-1.1022716139178281,0.4274752563599834,1.2062847490192197,-0.2233444115620522,-0.5204553483278765,-0.6447374453541442,-2.142323665879993,-1.772115760729664,2.058973630376551,-0.9267490589340329,-0.3417570771486425,0.3740213963376531,-0.7279970625900181,0.0,0,0,0,0,1,0,0,0,0,0,0,0,Tidak Likuid,0
BFIN,0.8558250471929039,0.8534081343050289,-0.7971727481158031,1.2570026606601568,0.7634005392797207,0.7069682774417018,0.17487638603881053,-0.6472924748219331,-0.5608689790323785,-0.31755184109326157,0.337060535690675,0.5334416453907643,-0.3417570771486425,-0.7381060318393228,1.7424682990840514,0.0,0,0,0,0,1,0,0,0,0,0,0,0,Likuid,2
WOOD,0.567413533758904,0.477952005163059,-0.7130511243155225,0.33764446551562344,0.1524927079388816,0.6022452139647794,0.5031487526908753,-0.6367748489015813,0.08747685680711108,0.43017478757102623,0.5363159494155074,1.1071299057644013,-0.3417570771486425,-0.7966390543749531,-0.5587425187072097,0.0,0,1,0,0,0,0,0,0,0,0,0,0,Menengah,1
CMNT,1.1886271464115032,1.1901762435762466,-1.1022716139178281,1.2919025824607344,0.765097787017772,1.1149642959491608,1.3045666029313128,-0.6501278214617577,-0.5891518157894535,-0.41379865050714393,0.4032195597789983,-0.29587331362812525,-0.3417570771486425,-0.23081983653052687,-0.9167809769208429,0.0,1,0,0,0,0,0,0,0,0,0,0,0,Likuid,2
INCF,-0.5041331147766741,-0.9391350162086447,-0.45215871618703396,-1.6690458917097624,-1.4517266811817116,-0.10508004509700208,-0.3248353479814461,1.3295296557994853,0.2605169921190394,-0.774529438490949,-0.049308164985132893,-0.6978069448255793,-0.3417570771486425,0.9983736367177098,-0.49178467717115354,0.0,1,0,0,0,0,0,0,0,0,0,0,0,Tidak Likuid,0
MANG,0.5754896475738933,0.560830568922235,-0.4746089265472787,-0.6684512056270838,-0.7950884136913955,0.972337677677285,2.029804366426581,-0.5050417913800469,1.201926447979371,1.7628160031553826,-2.4667440379760404,-0.3313906515226132,-0.3417570771486425,-0.5820179717443087,-1.1155620689810093,0.0,0,0,0,0,0,0,0,1,0,0,0,0,Menengah,1
MAPI,1.1380612084595114,1.200174608397926,-0.9361656988631835,1.4857744659423449,1.028850358711354,0.9505449348834373,0.8297323129872726,-0.6498641367563275,-0.07280441462880909,0.03156139575353042,-0.0941532548266232,1.2442483584437998,-0.3417570771486425,-1.1673481971006114,0.5121179608590205,0.0,0,1,0,0,0,0,0,0,0,0,0,0,Likuid,2
NICK,-0.646431263167921,-0.4500297504233,2.5645901320366398,-0.41557737011654783,0.5870948998836911,-1.1578289245340998,-1.0798640764474647,1.9135564790364772,1.0731571809763867,1.0538163894576305,0.7709197140658016,-0.42954394182387956,0.0769906398008026,-0.15277580648301975,-0.631977657887271,0.0,0,0,0,0,1,0,0,0,0,0,0,0,Tidak Likuid,0
LAPD,-0.21662859191038092,-0.36838918722158626,0.1935685575612077,-1.2287274454877801,-1.5068325921542944,0.31976288687041016,0.06985139101109306,0.9012768004357973,1.5593324087209184,-0.22577874199176498,-1.8314852538710316,-0.07456836677078327,0.0769906398008026,-0.3088638665780339,0.7938988773232567,0.0,0,0,1,0,0,0,0,0,0,0,0,0,Menengah,1
INPS,0.09128333900977344,0.22123403709373152,0.8791371692476235,-1.2448625293389552,-0.45610264912732634,0.22673482595288286,1.0738015201929476,-0.40795394312209937,1.2474122074217253,1.4938971081381465,-0.43796561027805025,-0.649094048151346,-0.3417570771486425,-0.5820179717443087,-0.6259328527485992,0.0,0,0,0,1,0,0,0,0,0,0,0,0,Tidak Likuid,0
TFAS,0.07399201607795088,0.06031108505039263,0.28902463104260007,-0.7896809759034593,-0.45103360430446965,0.21746610506555564,0.3671178650263289,-0.4938368740227985,0.47703975747123756,1.0235018171461698,-0.934251271190545,0.565262424383703,-0.3417570771486425,-0.5429959567205551,-0.7489213880700356,0.0,0,0,0,0,0,0,0,0,0,1,0,0,Tidak Likuid,0
POLY,-0.8620897993714699,-1.3581559541276578,-0.15819895377604332,-1.4752553857879414,-1.536387103411382,-0.5229892231885047,-0.9881173281437415,4.065644359587519,0.5465358384538543,-1.0734538935806694,-1.639440308947982,-0.6580860201661615,-0.1434028954357474,1.1349506893008467,1.672720547483993,0.0,0,1,0,0,0,0,0,0,0,0,0,0,Tidak Likuid,0
MPRO,0.0848565216946185,-0.15767107363987898,-0.5902165385069773,1.422737266987029,1.2595095883875342,-0.47934458579178085,-1.0796651857885786,0.19070644321718916,-1.270757311271341,-0.6074109552855221,1.8049341348877177,-1.3447085196644535,-0.31971772362498746,0.5105984489207904,-0.6691764587406355,0.0,0,0,0,0,0,0,0,0,1,0,0,0,Tidak Likuid,0
NCKL,0.9734908580424666,0.9876993775335785,-0.8866455436280798,1.820436813870104,0.6435043857574003,0.9089101420917491,-0.16492262659380605,-0.6493210823430041,-0.5009679114796096,-0.29626641868761694,-0.07284388589485102,1.5268564798749726,-0.3417570771486425,-0.5234849492086783,-1.0518591225196228,0.0,1,0,0,0,0,0,0,0,0,0,0,0,Likuid,2
KBLM,-0.12953164893201743,-0.32740521584567955,-0.1253471116690141,-0.5403146790200174,0.10198452166868255,-0.2796417976333662,-0.5341151992509624,-0.014754982805188747,-0.16617179458253015,0.022541176285916002,0.5827940537330186,0.17724099018841835,-0.3417570771486425,-0.7966390543749531,1.5687963975999055,0.0,0,0,0,0,0,0,1,0,0,0,0,0,Tidak Likuid,0
AXIO,0.023597036015331717,-0.017526758694705956,0.25790847388023613,-0.17306630943137194,-0.43117125695973263,0.1305997383509554,-0.5343270067814534,-0.5064242231879406,0.1283319860609697,0.35264984028258295,0.10582667832831597,-0.09537531856850004,-0.3417570771486425,-0.42592991164929445,-0.9900161161009042,0.0,0,0,0,0,0,0,0,0,0,1,0,0,Tidak Likuid,0
DAAZ,0.9294322118346408,1.151061861805535,-0.12192468958104061,1.0055207564263582,1.7041933678103187,0.4386313928952453,0.8722821709070964,-0.6457643436578538,2.044988988530192,1.4332111823444742,-1.3239018257394672,2.8727009335072267,-0.24718821475623193,-1.1140181099014819,-1.1573897956155645,0.0,1,0,0,0,0,0,0,0,0,0,0,0,Menengah,1
TRUS,-0.1645475573384576,0.05440280381001892,1.7562491017456188,-0.4914453866136283,0.36686781879954045,-0.4252877398846704,-0.6321069746010705,1.4774805183192512,1.2343225074525446,1.8284094071266508,-1.8481741436534818,-1.5808014142529263,-0.23156030953036746,-0.6990840168155692,0.677885117161826,0.0,0,0,0,0,1,0,0,0,0,0,0,0,Tidak Likuid,0
INDO,0.26318090983509723,0.22771009529678496,-0.09782795853259227,-0.27675783521980357,-0.3887280185864983,0.4239786649642093,0.27578717204446523,-0.5945434029053842,0.3224768063966251,0.6368914060279479,0.8446387228241131,0.33324477490682813,-0.3417570771486425,-0.4064189041374177,-0.7763555036993919,0.0,0,0,0,0,0,0,0,0,1,0,0,0,Menengah,1
RGAS,0.6316154511214354,0.49946706852185707,-0.9191743496625424,-0.9133294156546027,-0.5261781639508878,0.9630607321176126,2.7654703747128817,-0.6372617772799066,-0.11716347017293496,0.4054105142329345,0.9166508593940139,-1.1185276699492979,-0.3417570771486425,-0.5039739416968015,-1.1006825486396636,0.0,0,0,0,1,0,0,0,0,0,0,0,0,Menengah,1
FWCT,0.20719900763992857,0.13040825688797295,-0.17116126878354912,-0.683575502690991,-0.3887280185864983,0.35634905317231896,0.6764969728999363,-0.5914661762419746,0.14943518131404876,1.2241037200097353,-0.16574804738058158,-0.8907615716042442,-0.3417570771486425,-0.7966390543749531,-1.0355846471462757,0.0,1,0,0,0,0,0,0,0,0,0,0,0,Tidak Likuid,0
MLBI,0.44837546801580686,0.3141939056884628,-0.7056146028648954,1.2029513914580863,1.9212830866938995,-0.2894665689865517,-0.7696144875133281,-0.6408793130183335,-1.1839522135793876,-1.0897133966963743,1.0568707177716319,-0.2781228246513033,-0.3417570771486425,-0.11375379145926608,2.365541238602745,0.0,0,0,1,0,0,0,0,0,0,0,0,0,Menengah,1
ATLA,-0.3052548554346446,-0.10272818577541777,1.9427615023768425,-0.5757338289154582,-0.969351058498508,-0.05869067553372185,-0.8105509709609411,-0.6505606969702578,-2.390142587806191,-1.948357512943425,2.163049600528397,-1.2532103459746864,-0.3417570771486425,3.1640954705360307,-1.1378813494930282,0.0,0,0,0,1,0,0,0,0,0,0,0,0,Menengah,1
MEDS,-1.076798528079438,-1.418514095248353,0.8349666173079872,-1.2360427959540092,-0.969351058498508,-1.0432906289735102,-1.0939608060667447,-0.6505606969702578,-2.390142587806191,-1.948357512943425,2.163049600528397,-1.2532103459746864,-0.2535996630540225,3.1640954705360307,-0.9948984587129084,0.0,0,0,0,0,0,1,0,0,0,0,0,0,Menengah,1
HYGN,0.08143315868079952,-0.16448287483535465,-0.5970026226063261,-0.5266724763926152,-0.37077863655769344,0.18088038597090597,0.003836687181933853,-0.40131317311347303,-0.6930074699584924,-0.035693731086183796,1.0641964057369087,-0.9955329387312069,-0.3417570771486425,-0.4454409191611713,-1.1232343216570158,0.0,0,0,0,0,0,0,1,0,0,0,0,0,Tidak Likuid,0
GEMS,0.6606162951965838,0.7273678420060655,-0.30412335052250783,1.9161726409920532,2.2010598008065094,-0.13689473903932917,-0.8724953047492567,-0.6435917265763961,0.003096064601540603,-0.020192877701583435,-0.7832322722049323,1.3993516385940092,-0.3417570771486425,-1.1283261820768582,-0.08376033031081186,0.0,0,0,0,1,0,0,0,0,0,0,0,0,Menengah,1
MAYA,0.40938430743798393,0.3607338507760476,-0.3625329688528693,0.7830858205255938,-0.1266448670621036,0.5042722201176908,-0.5284526659424014,-0.6321077594408446,-0.08368226096879743,-0.11093903998110365,0.15553977626611984,0.7465167539257744,-0.3417570771486425,-0.5429959567205551,1.1235732498861997,0.0,0,0,0,0,1,0,0,0,0,0,0,0,Menengah,1
GOTO,1.538056917975664,1.7850916696138652,-0.9793303675742023,2.0805337269110513,-0.7732179038397161,1.54977045184518,1.625161030377827,-0.6505322938311325,0.027851477900961985,0.26971774821832084,0.25584463025811255,1.8897749102181434,-0.3417570771486425,-0.23081983653052687,-0.9667668655675514,0.0,0,0,0,0,0,0,0,0,0,1,0,0,Likuid,2
IMJS,0.41352599331258794,0.5146570919334268,0.20906385742312875,0.19245307550583649,-0.20879884675643662,0.5374423881641688,0.13017236256081582,-0.6256652752477789,0.792939713057429,0.34225366865112944,0.05725035124372994,1.6708238796365178,-0.3417570771486425,-0.6795730093036925,-0.259059679332292,0.0,0,0,0,0,0,0,0,0,0,0,0,1,Menengah,1
BRNA,-1.1454976188707224,-0.8300034948015895,4.125396901491711,-0.19900377845848613,0.613784120683048,-1.7675575703624753,-1.1196821287760057,2.1353922146098556,-0.11798377234065867,-0.8960836233518669,0.4465651272851411,-1.0385140084387885,1.641784739980308,1.4276158019789986,1.7868743676027552,0.0,1,0,0,0,0,0,0,0,0,0,0,0,Tidak Likuid,0
LIFE,-0.3630692085920862,-0.45945741435421,0.6727988952895027,1.233085303699588,1.9613909210331366,-1.3372000726373534,-1.1156408480821,0.6372055981994631,0.9266022803473764,0.44540242903143923,-0.45684775336920386,-0.9873021490287844,0.23126611446638767,-0.1917978215067732,-0.7326469126966887,0.0,0,0,0,0,1,0,0,0,0,0,0,0,Tidak Likuid,0
DUTI,-0.6482287277321854,-0.818149462252847,0.845544790859033,0.9159991187512797,1.637343135273809,-1.5574811632612435,-1.119102735212485,0.5221467246677426,-0.4730452146104418,-1.7035047861893202,0.26355050892587145,-0.8245486729579166,0.6279744778921779,1.05690665925334,1.363273022885067,0.0,0,0,0,0,0,0,0,0,1,0,0,0,Tidak Likuid,0
TGRA,-0.41843877949312347,-0.713678210908799,-0.06037860137204051,-1.2261794388538396,-1.2907777002471528,-0.07978276964383607,-0.5724823320097595,0.9239182091228206,0.6098864063403692,-0.9132940548074404,-1.3238186168570576,-0.7536137084332941,0.29738417503735276,0.6861975165276814,-0.5503727885152027,0.0,0,0,0,0,0,0,0,1,0,0,0,0,Tidak Likuid,0
MEJA,1.038404154256817,0.9587752292472894,-1.1022716139178281,-0.44648595289462994,-0.10426861575999294,1.2442188016037048,3.123232358800015,-0.5987519852773936,0.888593896581573,0.32067466367974823,-2.4995544730866976,-0.5056610823221417,0.7161318919867979,-0.3088638665780339,-1.1230018291516823,0.0,0,1,0,0,0,0,0,0,0,0,0,0,Menengah,1
BSBK,0.5867426204307988,1.0091573519553407,1.3182907641694792,0.09410265056230477,-0.969351058498508,1.0771667638713383,0.900956684846343,-0.6481119118254738,-0.6262979582005563,-0.4920117969672352,0.2709015116023517,-0.3945495070933517,-0.3417570771486425,1.408104794467122,-1.015822784192926,0.0,0,0,0,0,0,0,0,0,1,0,0,0,Menengah,1
GIAA,0.4623965494805392,0.47219081571073984,-0.2249583030373466,0.7849881147745305,-0.8810865191766831,0.918623844743675,-0.3414467237722055,-0.6291013554777526,0.19655432050070906,-1.150422892316971,-1.111822091843604,0.4952555850329217,-0.3417570771486425,0.061845276147624625,-0.018894921322757482,0.0,0,0,0,0,0,0,0,0,0,0,0,1,Menengah,1
MEDC,1.232718935963936,1.3620853724562716,-0.8491619497268791,1.61660156934465,0.9429934903228228,1.1199048679433203,1.028053131137147,-0.6502731081081554,-0.5613457086947587,-0.39154045650467856,0.2739765084965978,0.34683080237687386,-0.3417570771486425,-1.1283261820768582,1.368155365497071,0.0,0,0,0,1,0,0,0,0,0,0,0,0,Likuid,2
MCOL,0.15762668768140387,-0.10902966592457188,-0.7608794733807112,1.3737895308858024,1.8203372086708856,-0.6162714298270321,-1.0547372311643937,-0.5729307363759061,-1.5117689741448734,-1.0157166363981773,0.532891246992112,-1.1369700687405648,-0.3417570771486425,-0.46495192667304797,-0.9165484844155094,0.0,0,0,0,1,0,0,0,0,0,0,0,0,Tidak Likuid,0
WAPO,0.22574836147813432,0.3267104342010583,0.5195718920290641,-0.9370830490448702,-0.45865316793295197,0.3754576853834023,1.0375398875431487,-0.48687995259286543,1.5086783811976594,1.5250078656383677,0.10582667832831597,1.9239395096786032,-0.3417570771486425,-0.6600620017918156,0.7997111899565947,0.0,0,0,1,0,0,0,0,0,0,0,0,0,Tidak Likuid,0
AGRS,0.19302599815092156,0.1728347823524034,0.07095262750380797,0.5528386661033141,-0.777529290875971,0.49921995580032036,-0.7517806171582891,-0.5936190840507584,0.07606641677822586,0.2371581243209029,-0.5770265310709289,1.0151554841457755,-0.3417570771486425,0.295977366290146,-0.34670935384303214,0.0,0,0,0,0,1,0,0,0,0,0,0,0,Tidak Likuid,0
WOWS,-0.07286837566210125,-0.3669172631547535,-0.553824499499399,-1.0350915052133154,-0.993584182783113,0.26146071473580496,0.22114654707807593,-0.2240458701385144,0.14096344584289724,-0.8994113788835854,0.8110531882701288,-0.9801176309256062,-0.3417570771486425,0.47157643389703696,-0.7610109983473791,0.0,0,0,0,1,0,0,0,0,0,0,0,0,Menengah,1
INAF,-3.5172664825753994,-5.365806350172516,-0.2611785808537514,-0.4650814529473207,-0.41669055173563435,-3.185741378482777,-1.122153201878401,-0.5093340294860225,-2.390142587806191,-1.948357512943425,2.163049600528397,-1.2532103459746864,4.859530354433939,3.1640954705360307,0.8150556953086076,0.0,0,0,0,0,0,1,0,0,0,0,0,0,Tidak Likuid,0
AGRO,0.7293646199498438,0.720128701465319,-0.6609735412125565,0.7967247949194793,-0.07566408679764543,0.8923322818832393,0.3863739031182217,-0.6446966145410259,-0.35047077628928297,-0.03418265511968676,-0.17989872753280636,2.3167900050822348,-0.3417570771486425,-0.7185950243274459,0.6190645133124436,0.0,0,0,0,0,1,0,0,0,0,0,0,0,Menengah,1
JMAS,0.18853116813184956,0.3630031548007257,0.9062955660500654,-0.9651926861982093,-0.3641824117974573,0.33015334924053086,1.0627906986811888,-0.2984176755409471,1.286645633242511,1.0764599446010021,0.05299739642589764,0.9315184410518269,-0.0772848348647824,-0.4844629341849247,-0.6005911696672447,0.0,0,0,0,0,1,0,0,0,0,0,0,0,Tidak Likuid,0
BTPS,0.9741958587891085,0.9846634664035661,-0.8983719113355016,1.021604613724678,0.9132114968117945,0.8006341173855828,0.9590371391742757,-0.649092903738445,-0.3655708462560653,-0.26081044651025986,-0.1120700874110484,1.7741459505478347,-0.3417570771486425,-0.9722381219818439,-0.6333726129192723,0.0,0,0,0,0,1,0,0,0,0,0,0,0,Likuid,2
BEEF,0.21703434209814468,0.48809739057866125,1.294250245575596,-0.04760408024565907,-0.39843410988545996,0.3994402468436036,-0.09506157285744189,-0.5590117471846091,0.7177809844885992,1.180554012675528,-0.08935183506344395,-0.09508387562892073,-0.31971772362498746,-0.6990840168155692,-0.6907982617366537,0.0,0,0,1,0,0,0,0,0,0,0,0,0,Menengah,1
DMND,-0.788908329226108,-0.6381793114162528,2.6165442598072297,0.9495240305982371,0.6912884651904595,-1.352255809349319,-1.1207894388941093,1.7826266309742493,-0.7545651760042161,-1.3079702631529042,-0.0627981513602154,-1.355233685110788,0.47369900322659275,1.0959286742770933,-0.7784479362473937,0.0,0,0,1,0,0,0,0,0,0,0,0,0,Tidak Likuid,0
AUTO,0.8756733910520846,0.8907201255952952,-0.7675351792570168,1.1056929255776802,1.2972721258901976,0.5236925837262556,0.4845043989328825,-0.6489271310182104,-0.9444233559380494,-0.7230381577046905,0.5123563064921394,0.3545907200635204,-0.3417570771486425,-0.7381060318393228,1.0561504233394765,0.0,0,1,0,0,0,0,0,0,0,0,0,0,Likuid,2
VINS,-0.35945864711432934,-0.4084376373192135,0.8757881867171893,-0.8777096398958766,-0.48210437998633804,-0.31497821045571267,-0.6876885317758744,1.585453158251237,-0.023833521141905598,0.6017574979839754,-0.0427237668734855,-0.42542291471941973,-0.3417570771486425,-0.28935285906615704,-0.41180725533642,0.0,0,0,0,0,1,0,0,0,0,0,0,0,Tidak Likuid,0
ARGO,-0.384998610940543,-0.620055740149886,0.12563958227904065,0.4870461872998756,0.7684780821815959,-0.867734713403009,-1.0940228593769286,1.1711574192014873,1.5689872503031939,1.7052156533050289,-1.53439915122764,0.28072007108295527,-0.12136354191209243,-0.8551720769105833,1.6876000678253387,0.0,0,1,0,0,0,0,0,0,0,0,0,0,Tidak Likuid,0
BMAS,-0.6592532348362549,-0.6456021383344354,1.7101443426720901,1.0729388134830378,0.46117796691338087,-1.0981703998452512,-1.1201500952982615,1.8017809739073296,0.29540719819018874,-0.9599892976148046,-0.5565614648128206,-0.7287278852892803,0.5177777102739028,1.0764176667652168,-0.2237208185215957,0.0,0,0,0,0,1,0,0,0,0,0,0,0,Tidak Likuid,0
ESIP,-0.5644184669801848,-1.0432971015084618,-0.5215639384067937,-1.7131907131977189,-1.354599550389905,-0.24761530589118746,-0.4746038268412485,1.5049927703465746,0.49779021356966024,-0.9673387430573908,-0.38967089814106054,-1.0743394996431326,-0.31971772362498746,0.7837525540870651,-0.7624059533793802,0.0,1,0,0,0,0,0,0,0,0,0,0,0,Menengah,1
HOPE,-0.3858758061107527,-0.3640346373201814,1.2440821497946082,-1.2584035407641392,-1.1803369055827928,-0.07697178184373982,-0.45900948384673423,1.4248815808605906,0.9596312619318305,-0.9348390660721492,-0.8047474019897528,-0.33311120418131396,-0.29767837010133247,0.2374443437545156,-0.8919042788501554,0.0,0,0,0,0,0,0,1,0,0,0,0,0,Menengah,1
ASII,1.538056917975664,1.7283215400115932,-1.0270356719609732,2.5180531766063003,1.7936319402670504,1.158266473579019,0.7889538858861941,-0.6505606969702578,-1.0324679284187082,-0.9544593336128091,1.2551480646808635,0.6181894390523124,-0.3417570771486425,-0.9332161069580904,1.7522329843080593,0.0,0,0,0,0,0,0,1,0,0,0,0,0,Likuid,2
PGEO,1.0290990572895389,1.3736817598512878,0.2095333187145638,1.8052103527876604,0.8776816244363188,0.9017439331877101,0.06610987522251947,-0.6496262974294909,-0.1310468346456928,-0.1819783978210713,-0.2257802824677296,1.0081015748909974,-0.3417570771486425,-0.9722381219818439,-1.040931974768947,0.0,0,0,0,0,0,0,0,1,0,0,0,0,Likuid,2
CTTH,-1.1378608212711685,-1.370527759648257,1.44199963863691,-1.6636606668468352,-1.354599550389905,-0.9571469282010623,-1.0722148909598093,4.065644359587519,-0.05470624970062689,-1.24278433470641,0.8725075706455045,-1.4007557049840051,0.29738417503735276,1.408104794467122,1.2216850871369482,0.0,0,0,0,0,0,0,1,0,0,0,0,0,Menengah,1
SPTO,0.326084804177871,0.23340623755562565,-0.4022561397156028,0.23994715476153333,0.5543943527883464,0.1294243535980308,-0.15671219259290148,-0.6221365968721646,-0.9998864284594079,-0.7316679980829198,1.3496827749719522,-0.1124682624630028,-0.3417570771486425,-0.23081983653052687,-0.6347675679512734,0.0,0,0,0,0,0,0,1,0,0,0,0,0,Menengah,1
BWPT,0.44005571196396376,0.6936563181230676,0.8158845310493175,0.26623607229496876,-0.8914414263952063,0.8610253560468878,0.13618842312246673,-0.6315622872667873,0.2943485830761248,0.21697701446698406,0.7803259970824409,0.3309923848139912,-0.3417570771486425,0.13988930619513174,0.0908415411946678,0.0,0,0,1,0,0,0,0,0,0,0,0,0,Likuid,2
BPTR,-0.21180572220384195,-0.3546148684706326,0.2223991822014889,-0.6021929021570848,-0.6670884962116114,-0.0463174172993493,-0.6174366176953155,0.2628804035143321,-0.4914456910265939,0.8106458373652832,0.027357698176227116,0.24827725221221675,-0.3417570771486425,0.061845276147624625,-0.647787148249951,0.0,0,0,0,0,0,0,0,0,0,0,0,1,Tidak Likuid,0
JATI,-0.5972382713490275,0.48538576692919455,4.125396901491711,-0.883312465711597,-0.969351058498508,-0.4313166132135618,-0.9750957788143116,-0.6446350664789039,1.3534021328272006,-0.6431893219913847,-0.3565800768620118,-0.8977085238397988,-0.09932418838843741,2.3056111400134527,-1.0579039276582944,0.0,0,0,0,0,0,0,0,0,0,1,0,0,Menengah,1
PBID,0.28978594585093176,0.07011682228351679,-0.7771751139604535,0.6234735471336716,0.4206640053236853,0.12836373821965189,-0.6357736416963838,-0.6183928431336188,-0.7870228478079121,-0.6084429749130165,1.1325068806951715,-0.39633151511973835,-0.3417570771486425,-0.09424278394738936,-0.599428707140577,0.0,1,0,0,0,0,0,0,0,0,0,0,0,Tidak Likuid,0
TOTL,0.5891636790937231,0.5216055399514375,-0.6703772038533452,0.37770589790634823,0.5870948998836911,0.4394929639914234,0.48950357285966395,-0.6400445371200689,-0.3001974084524694,-0.1880274641526821,0.030656573527404335,1.100557671872133,-0.3417570771486425,-0.7185950243274459,0.36750762254156616,0.0,0,0,0,0,0,0,0,1,0,0,0,0,Menengah,1
CLAY,-1.0067744833682835,-0.3995885103489006,4.125396901491711,-0.032256865097669285,0.24078883691007952,-1.316199897202689,-1.1163597091146387,4.065644359587519,0.6222160088427356,-0.7854494680393427,-0.6994308416930562,-1.4969956359601722,1.7079028005512733,0.7057085240395581,-0.6926582017793219,0.0,0,1,0,0,0,0,0,0,0,0,0,0,Tidak Likuid,0
BNBR,0.17833555107168297,-0.029136057989263445,-0.5965404586839892,0.7828169942363626,-1.2149604616627372,0.6394411135348621,-0.9085603438756757,-0.49225534641447966,0.40241507806496674,-0.9111308654202768,-0.7999295497129374,0.3908791334012832,-0.3417570771486425,0.3740213963376531,1.803148842976102,0.0,0,0,0,0,0,0,1,0,0,0,0,0,Likuid,2
ECII,0.22579478828060295,0.2571164916410105,0.2271053744779065,-0.601815308961801,-0.0811213067836846,0.27591582411205806,0.6883931702196747,-0.121858616309197,1.541209100798958,1.8167930049811545,-0.8328515402711743,0.9010931869680918,-0.3417570771486425,-0.7771280468630763,-0.2218608784789275,0.0,0,1,0,0,0,0,0,0,0,0,0,0,Tidak Likuid,0
AALI,0.7471445778093047,0.7034729433568567,-0.791942829213905,1.157598835171354,1.9187648020266574,0.091972738476994,-0.04801362067976556,-0.6477846174294682,-1.0679422559881662,-0.9085666536160565,0.8204049421098599,0.4626738744788456,-0.3417570771486425,-0.8161500618868298,1.0998590143421796,0.0,0,0,1,0,0,0,0,0,0,0,0,0,Likuid,2
NICL,0.626885634601751,0.9305952687075993,0.7111660665732593,0.5150613480100348,0.0729362764848728,0.6805339267465745,0.37399799028778163,-0.6351916993443925,0.8812642014688316,0.7600230432309985,-0.13550392208306264,0.4811466536900729,-0.18748160248305742,-0.7185950243274459,-0.9025989340954977,0.0,1,0,0,0,0,0,0,0,0,0,0,0,Likuid,2
BHIT,0.23584509463863182,0.017600086673601634,-0.7057736611622182,0.470834315923105,-1.2330438141269915,0.745630913187599,-0.6195789770972803,-0.5611147083379469,-0.008792718096868041,-0.9332044994967567,-0.934251271190545,1.0350742463572662,-0.3417570771486425,0.5886424789682975,1.1033464019221826,0.0,0,0,0,0,0,0,1,0,0,0,0,0,Tidak Likuid,0
DIVA,0.2016467822429904,0.16998382254354205,0.011895468248220568,-0.8757701599172871,-0.4663697986750813,0.39454467283924793,0.9895138390779598,-0.5002522130023059,1.053415383250551,1.9482777550854602,-1.3256684143198614,0.4348735835790778,-0.3417570771486425,-0.621039986768062,-0.6805685915019783,0.0,0,0,0,0,0,0,0,0,0,1,0,0,Menengah,1
NIRO,-0.37550684028632,-0.0871109743001497,2.491027139749278,0.4932092145691523,-0.39790618389234805,-0.3904368300732239,-1.094681584392843,1.7604575969849336,-1.4018856601652416,-1.2461992488253015,1.3729218271307078,-1.1941442445883992,-0.12136354191209243,1.9739240123115482,-0.15374057441620378,0.0,0,0,0,0,0,0,0,0,1,0,0,0,Tidak Likuid,0
DCII,0.050926822234523675,0.24192527770599834,1.2279442672680108,2.271724368705685,2.356906469459867,-1.4236914043252273,-1.1180972690753919,-0.47976670133393395,1.2810090109583216,-0.6595569223183263,-0.535752957778236,1.603016736564298,0.1651480538954227,-0.21130882901864992,-0.8598203131141284,0.0,0,0,0,0,0,0,0,0,0,1,0,0,Tidak Likuid,0
CTBN,-0.7553771969646753,-0.9616673296470147,0.8722034492883227,0.31775303754875783,1.388593260397975,-1.6409508093437788,-1.1171229968858778,2.38669314786282,1.0133309831810555,-1.1693076457836167,0.4084210278797353,-0.21543938675320104,0.6279744778921779,0.022823261123871195,1.7817595324854174,0.0,1,0,0,0,0,0,0,0,0,0,0,0,Tidak Likuid,0
EMDE,0.01937363704171648,0.0012574037392487352,0.360566024169196,-0.45519437721028827,-0.45103360430446965,0.14279665565715569,-0.2456251732701583,-0.42279009618561003,1.1847634941239416,0.9862518077438951,-1.1175299292159302,1.2726180878114493,-0.3417570771486425,-0.4844629341849247,-0.011920146162751574,0.0,0,0,0,0,0,0,0,0,1,0,0,0,Tidak Likuid,0
VRNA,-0.48651258914810874,-0.7061308372787131,0.3541772784821656,-0.365641718336086,-0.6563670247934503,-0.4080320034190264,-1.0264395342262038,1.3977528519420666,-0.8772776791198541,-0.34687432097813037,0.3368108789960022,-0.3890924416379344,-0.3417570771486425,0.003312253611994481,0.2045303763027629,0.0,0,0,0,0,1,0,0,0,0,0,0,0,Tidak Likuid,0
KRAS,0.5022058318590298,0.7844261533558883,0.8338664991706676,0.3929405014083628,-0.4410210239226449,0.7539940798447575,0.17311327430369286,-0.6302418866874632,1.1335374450638624,0.7863938897110797,-0.17441172910643354,2.23777599745194,-0.16544224895940243,-0.5820179717443087,0.0027268816732605914,0.0,1,0,0,0,0,0,0,0,0,0,0,0,Likuid,2
POLL,-3.5172664825753994,-5.365806350172516,-0.2611785808537514,-0.04845678581591516,-0.48744139531629294,-3.185741378482777,-1.122153201878401,-0.5093340294860225,-2.390142587806191,-1.948357512943425,2.163049600528397,-1.2532103459746864,4.859530354433939,3.1640954705360307,-0.648252133260618,0.0,0,0,0,0,0,0,0,0,1,0,0,0,Tidak Likuid,0
PYFA,0.8746285603682323,1.020504146311143,-0.32410900561989986,0.4276920037737372,-0.07025559264037107,1.0814976025288334,1.526103498957243,-0.6458561755156149,1.3436344940921345,1.6993523402466282,-0.8980743517544743,2.885024605872882,-0.0772848348647824,-0.8551720769105833,0.7727420593379055,0.0,0,0,0,0,0,1,0,0,0,0,0,0,Likuid,2
MSIN,0.9599505325851676,1.1123707961356804,-0.4216545342391362,1.8162249411710234,0.6618679540050202,0.821974712603363,-0.3305727777085868,-0.6455969200751918,1.4478283608824858,1.7256975655911895,-1.9061084324697026,1.151101212913053,-0.2535996630540225,-0.7381060318393228,-0.6405798805846116,0.0,0,1,0,0,0,0,0,0,0,0,0,0,Likuid,2
BOSS,-3.5172664825753994,-5.365806350172516,-0.2611785808537514,-1.2886567035476335,-0.969351058498508,-3.185741378482777,-1.122153201878401,-0.5093340294860225,-2.390142587806191,-1.948357512943425,2.163049600528397,-1.2532103459746864,4.859530354433939,3.1640954705360307,-0.6143082274819228,0.0,0,0,0,1,0,0,0,0,0,0,0,0,Tidak Likuid,0
SONA,0.08378556680001531,0.16183278516690813,0.6631670253783654,0.4200864042956592,1.6325048721605022,-0.5973410096390536,-0.792378336343854,-0.2903526500463051,2.3386621899904116,2.339248932280636,-1.7742900861157311,-0.9313605922227818,0.29738417503735276,-0.5625069642324318,1.5571717723332295,0.0,0,1,0,0,0,0,0,0,0,0,0,0,Tidak Likuid,0
NOBU,0.48380374748295624,0.5511071773093158,-0.037451909562287375,0.7232409108182477,0.5543943527883464,0.31779636044456316,-0.2923858060869951,-0.6219835143062569,0.15037359870434,0.4119457674130296,0.1610694139440678,-0.24543961081674426,-0.3417570771486425,-0.8161500618868298,-0.21163120824425224,0.0,0,0,0,0,1,0,0,0,0,0,0,0,Menengah,1
BPII,0.05809245049344991,-0.25479077198037153,-0.7821900890595033,0.8080377891452143,0.46117796691338087,-0.20488784003304186,-1.0042389840031398,1.413132307705647,-1.5125199524196213,-1.3108405751497796,1.5395669575200386,-1.2015833333819539,0.4516596497029378,1.291038749395861,-0.3078831054523329,0.0,0,0,0,0,1,0,0,0,0,0,0,0,Tidak Likuid,0
JPFA,1.2280009673968768,1.2877364806179687,-1.0409073706144627,1.4233863340600075,1.1604114846660862,1.0153949683575156,1.287702510979376,-0.6502048316855809,-0.4985867800034831,-0.23936281113406319,0.24753341593812764,0.26560543899496936,-0.3417570771486425,-1.0893041670531045,1.7901292626774246,0.0,0,0,1,0,0,0,0,0,0,0,0,0,Likuid,2
KRYA,-0.034267513374934694,0.6181353277524142,3.6190618042594083,-1.160240419728893,-0.9126978993758402,0.2657547303367119,0.5023309372922985,-0.35773402984263564,1.510903355484833,0.9450867504180966,-0.9787602439878583,-1.6208123860926207,-0.16544224895940243,0.19842232873076215,-0.991178578627572,0.0,0,0,0,0,0,0,0,1,0,0,0,0,Menengah,1
SKLT,-0.09880156996261212,-0.15921579916343087,0.3791107455250043,0.10031312313870375,-0.1888273459162395,-0.11674014674865597,-0.8890828342632713,-0.34892445691893526,0.8386467348697928,0.7543975585171586,-0.01906108615975248,-0.48810724166123975,-0.3417570771486425,-0.6990840168155692,1.4609198751251486,0.0,0,0,1,0,0,0,0,0,0,0,0,0,Tidak Likuid,0
LCKM,-0.5906965391648346,-0.8584763238217799,0.32501352305377795,-0.6418870800299827,0.04242456620624781,-0.8366349965520128,-1.0252246622085428,1.9238065923728411,0.4997026403942278,1.2504960527077151,-0.0035109500939292625,-0.9761916629466149,0.010872579229837616,-0.4844629341849247,-0.607333452321917,0.0,0,0,0,0,0,0,0,1,0,0,0,0,Tidak Likuid,0
SOHO,-0.3771695968592507,-0.705371346465215,-0.24774710846740042,1.0109637764985964,0.5916255666400687,-0.7946018875526412,-1.1126000371841727,0.6764672131119874,-0.4753407058373998,0.1944873191676163,1.293909049790939,-0.4423951980403238,-0.3417570771486425,-0.36739688911366414,-0.8319212124741051,0.0,0,0,0,0,0,1,0,0,0,0,0,0,Tidak Likuid,0
BDMN,0.6385243843602172,0.4890807354271054,-0.975844095730905,1.5156723785445942,1.3934180355780288,0.16476827171194183,-0.6741512318587504,-0.6472105374693332,-1.5750630488108326,-1.1805402645068628,1.381733661034771,-0.31739783221863066,-0.3417570771486425,-0.4844629341849247,1.7798995924427492,0.0,0,0,0,0,1,0,0,0,0,0,0,0,Menengah,1
UNIQ,1.0569312523355114,1.0412776173146847,-1.061530846216141,0.24268436741805063,0.4667506586674417,1.0946530063192579,2.576250667966521,-0.6492935797567344,0.2464187780154255,0.9819035522336428,-0.6287351988101048,-0.29731227789915793,-0.3417570771486425,-0.621039986768062,-0.8740023559394737,0.0,0,0,0,1,0,0,0,0,0,0,0,0,Likuid,2
HADE,-0.2723698031935189,-0.573168734097835,-0.2995074360214761,-1.8299314915543101,-2.020081001525476,0.4810648955020605,0.9547178430658332,0.928060730830098,2.3386621899904116,2.4735208486308733,-1.2937594080864931,-0.8249162064577227,-0.3417570771486425,1.0959286742770933,0.5614063719897284,0.0,0,0,0,0,0,0,0,1,0,0,0,0,Tidak Likuid,0
LRNA,-0.40860581072620766,-0.42164798927268,1.1255083420635732,-1.3925828633462967,-0.2692460512829929,-0.44951177301354434,-0.3109597074265765,1.111913150235251,0.36497560518085465,1.052904836380098,-0.007955683386748971,-0.6307251950494139,-0.3417570771486425,-0.6795730093036925,-0.2883537350043165,0.0,0,0,0,0,0,0,0,0,0,0,0,1,Tidak Likuid,0
RIGS,0.06463621451383673,-0.03351809931775294,-0.03651537755107968,-0.41955285175186574,0.6224254558354598,-0.21251759951843885,-0.09203891170641255,-0.4036421763970843,0.46996179140636085,0.830959111403922,-0.28978183514964684,0.1523621959992911,-0.3417570771486425,-0.621039986768062,1.7592077594680653,0.0,0,0,0,1,0,0,0,0,0,0,0,0,Tidak Likuid,0
IMAS,0.34303872450452016,0.2957145923268271,-0.261923015508643,0.6063829139284456,0.7801627411190283,0.012711279621882413,-0.5728992483158685,-0.6168095669656107,0.18124313306024034,-0.10600944680377784,-0.32482483838551657,0.6669519038278446,-0.3417570771486425,-0.4844629341849247,1.445110384762469,0.0,0,1,0,0,0,0,0,0,0,0,0,0,Tidak Likuid,0
SOLA,-0.2676363991630242,0.5479098981794635,4.125396901491711,-0.8805697683453164,-0.969351058498508,-0.010682199025274905,-0.5309904332254766,-0.6477969036025911,0.6271765396287136,-0.735014794554445,0.3535594528089976,-0.9552897658069431,-0.20952095600671244,2.051968042359055,-1.1429961846103656,0.0,1,0,0,0,0,0,0,0,0,0,0,0,Menengah,1
SAGE,-0.2006267359865509,-0.6055596008021686,-0.7504552038927887,-1.0969890629819394,-1.7524419953185235,0.4187484458714,-0.11458382972921823,0.2987516157089357,1.0842472651723452,0.3347217896506721,-0.11437751102964823,-0.7201051820303607,-0.3417570771486425,0.8617965841345723,-1.0437218848329493,0.0,0,0,0,0,0,0,0,0,1,0,0,0,Tidak Likuid,0
LPIN,-0.10841063027612524,-0.3785766701121967,-0.42257948162409154,-0.8855970961078624,0.2519623585890823,-0.30942838772546194,-0.10945860969651902,-0.29758132586513547,-0.8744842928569356,-0.34800049305825353,1.1455737413889198,-0.6773150681711011,-0.3417570771486425,-0.5625069642324318,1.7657175496174042,0.0,0,1,0,0,0,0,0,0,0,0,0,0,Tidak Likuid,0
TUGU,0.7225996927927902,0.6498040460196869,-0.8506866155899958,0.6050292655776061,0.8488585222848035,0.49875059644883246,0.628502114129892,-0.6471808594495075,-1.0570754038720578,-0.8720058322429289,0.4413704055762337,0.6611561563766983,-0.3417570771486425,-0.5234849492086783,-0.6380224630259428,0.0,0,0,0,0,1,0,0,0,0,0,0,0,Menengah,1
ELIT,0.47001438536208096,0.645778242455041,0.42688644961912686,-0.6487766440010524,-0.3932997181843085,0.6846982250333739,1.6145256141786173,-0.6289985347190877,1.1787073226342155,1.0295672146422548,-0.404865663014093,2.952368196853509,-0.3417570771486425,-0.6600620017918156,-1.029539842007604,0.0,0,0,0,0,0,0,0,0,0,1,0,0,Menengah,1
TRJA,-0.1513291850032394,-0.4232212346351751,-0.3682547719617207,-0.6674367964248529,-0.23826876233970232,-0.16923632564432184,-0.47126033233719633,-0.15106243064847474,-0.5449739058415797,-0.0623288904182001,-0.07564575743172243,-0.005739006665866995,-0.3417570771486425,-0.7966390543749531,-0.8291313024101028,0.0,0,0,0,0,0,0,0,0,0,0,0,1,Tidak Likuid,0
MEGA,-0.21398040566474202,-0.43188864653485287,-0.07392684996644333,1.4707529006577211,1.2256084712028525,-0.8778778220696334,-1.1146829243154575,-0.2676708047253322,-1.3226022571043632,-1.0571250026980004,0.13955164426602223,-0.4096050032237136,-0.3417570771486425,-0.38690789662554087,0.8999154597553455,0.0,0,0,0,0,1,0,0,0,0,0,0,0,Tidak Likuid,0
MDRN,-0.42721330679679603,-0.8578200865858309,-0.5419060268604976,-1.4181197847365121,-2.020081001525476,0.27159252643217885,-0.4001450432421539,2.0307595441907327,2.3386621899904116,2.188123118725268,-0.049308164985132893,-0.4939946768696668,-0.3417570771486425,1.1544616968127235,1.643426491811968,0.0,0,0,0,0,0,0,1,0,0,0,0,0,Tidak Likuid,0
BSDE,1.0265725491577573,1.067759126122933,-0.8690211778437293,1.414519235522726,0.7916262658527621,0.9076662843396759,0.5302121153828817,-0.649676859733661,-0.6589663124249213,-0.48133862072082756,-0.37538328340970145,1.2157875186034823,-0.3417570771486425,-0.7966390543749531,0.20894773390409996,0.0,0,0,0,0,0,0,0,0,1,0,0,0,Likuid,2
EAST,0.0026610783515503508,-0.22427168263402736,-0.42495965438405287,-0.3995821141327811,-0.5065001865121294,0.12910464457758294,-0.38014015585712235,-0.5494736638364605,-1.12114055195566,-0.7013298031241223,0.7583780033769496,-0.5397710613165407,-0.3417570771486425,0.2569553512663923,-0.7326469126966887,0.0,0,1,0,0,0,0,0,0,0,0,0,0,Tidak Likuid,0
NPGF,-0.5831348589830841,-0.5403410525940675,1.7056676566273852,-1.08567575342611,-1.2149604616627372,-0.3177399259563958,-0.8993933919836188,1.7638256002282144,0.23345139619439775,-0.8780714277558122,-0.38116182981216234,-0.37429021538844875,-0.3417570771486425,0.9593516216939558,-0.8826045786368144,0.0,1,0,0,0,0,0,0,0,0,0,0,0,Menengah,1
RSGK,-1.182199981032853,-0.8890626089135462,4.089705954243891,-0.05918290037387089,0.8216904119661442,-1.9389764317234228,-1.1208510240404133,0.7434809041277668,-0.3096796345582109,-0.5132343269419307,0.4978340780988584,-0.850458294106862,2.2368472851189933,1.3105497569077378,-0.9167809769208429,0.0,0,0,0,0,0,1,0,0,0,0,0,0,Tidak Likuid,0
BMHS,0.2262411246630883,0.026881488837308242,-0.6323509446779162,0.35237076729647193,-0.004015586306560363,0.2118833292745679,-0.5591421197805346,-0.5873162043780521,-0.6016590624121309,0.5430441137317119,0.023741383876162883,-0.2864778485578515,-0.3417570771486425,-0.21130882901864992,-0.901901456579497,0.0,0,0,0,0,0,1,0,0,0,0,0,0,Tidak Likuid,0
DNET,0.026735612394230012,0.06648462012869884,0.5947559141525596,2.316742357068956,2.1743520343737557,-0.9273550739898395,-1.1171291571038175,-0.4348626926258334,-0.11592915124559024,-0.2820523089274199,0.9761098701367354,-0.9687595572802989,-0.29767837010133247,-0.21130882901864992,0.8445822434859657,0.0,0,0,0,0,1,0,0,0,0,0,0,0,Tidak Likuid,0
GEMA,-0.35806411103759855,-0.20017411573102203,1.8295171427372339,-0.6584970873918301,-0.26181347556197276,-0.4414366460872172,-0.8556237061187132,1.506839743115482,0.11354768200094723,0.7628125052179282,-1.9936041767017776,-0.12882029373430853,-0.20952095600671244,-0.3478858816017874,0.7029943077378471,0.0,0,1,0,0,0,0,0,0,0,0,0,0,Tidak Likuid,0
ASRI,0.8260491691226732,0.940165772908937,-0.3695138990845893,0.47026629014247057,-0.3533458558683744,1.1479503273856857,1.3009321140924528,-0.6464258655566648,0.2198552039832752,0.344319767219576,-1.2990369790920124,2.225928915153088,-0.3417570771486425,-0.9137050994462137,0.24870395231613346,0.0,0,0,0,0,0,0,0,0,1,0,0,0,Menengah,1
CPIN,1.1274272335658317,1.1765661965349985,-0.9609727830989401,2.077140416564022,1.7836214282670038,0.635288069768566,-0.02170162119705982,-0.6500392339853753,-0.6823559570096625,-0.7591713119980376,0.7855438220011048,0.8832919308116202,-0.3417570771486425,-1.0307711445174743,1.6713255924519916,0.0,0,0,1,0,0,0,0,0,0,0,0,0,Likuid,2
LFLO,-0.4022603200826118,-0.4848753424719792,0.8014979043661508,-0.968134574885675,-0.5290422228156092,-0.3875417567276708,-0.7454773605222037,1.78825660245211,0.9080201164143616,2.13916106971561,0.3083784198583721,0.3242997190139525,-0.05524548134112741,-0.7381060318393228,-0.8809771310994796,0.0,0,1,0,0,0,0,0,0,0,0,0,0,Tidak Likuid,0
BDKR,0.7967091803622474,0.8705228583094275,-0.471045409691687,-0.06623510168916921,-0.16949334341216493,0.9510972258016811,1.793112284296082,-0.6434256439400821,1.120529792899803,0.9921852018293675,-2.4995544730866976,2.621406567980415,-0.31971772362498746,-0.8551720769105833,-1.0425594223062815,0.0,0,0,0,0,0,0,0,1,0,0,0,0,Menengah,1
RMKE,0.4288293837689235,0.2795953373304414,-0.7288580803534797,-0.39184891831320134,-0.5319198877117421,0.700130965507473,1.072572288930886,-0.635375074272425,-1.0445729693045207,-0.6532689112958882,1.0747122445945223,-0.10655804825466877,-0.3417570771486425,0.042334268635747914,-0.9377053024008604,0.0,0,0,0,1,0,0,0,0,0,0,0,0,Likuid,2
PEGE,0.20960184307784072,0.15300753564191916,-0.0976106318037979,-0.5666248545469668,-0.4901276406117127,0.40602434502620754,0.5248969777684432,-0.5594987418092656,0.4345915773136262,1.3071633016593158,0.14848541007733526,0.19052330539093873,-0.3417570771486425,-0.6990840168155692,0.45957465465364333,0.0,0,0,0,0,1,0,0,0,0,0,0,0,Menengah,1
ARTA,0.12878655234354558,-0.19456070563186026,-0.8972762361615412,0.00044031848280608155,1.3407329703283322,-0.42979562668048776,-0.3926127939771361,-0.45052305662529885,-0.30647498164340303,-0.5800099785362596,0.3903270320079403,-0.5751389931355798,0.4075809426556278,-0.1917978215067732,0.6832324447844972,0.0,0,1,0,0,0,0,0,0,0,0,0,0,Tidak Likuid,0
ALMI,-3.5172664825753994,-1.2747584501289972,-0.2611785808537514,-0.6204007596250372,-0.7357370437759421,-3.185741378482777,-1.122153201878401,2.313187689786703,-0.6321489572366528,-1.5544962390673183,0.4978340780988584,-1.3372692603943273,3.515129789490984,2.286100132501576,1.179138958660913,0.0,1,0,0,0,0,0,0,0,0,0,0,0,Tidak Likuid,0
PANR,0.6243062643536417,0.5593739760971755,-0.706559598578246,0.014000441801798642,0.6718344065604239,0.46826009015423964,1.2360712080522098,-0.637219302908459,-0.41048971638127296,-0.5108210689627809,-0.049308164985132893,-1.0487828715490657,-0.3417570771486425,-0.21130882901864992,0.7792518494872446,0.0,0,1,0,0,0,0,0,0,0,0,0,0,Tidak Likuid,0
MTSM,-3.5172664825753994,-0.6359571161411138,-0.2611785808537514,-1.044910276143937,0.41464859023481926,-3.185741378482777,-1.122153201878401,2.032567904280692,0.6468025248198042,-1.473137614352569,-1.0104144073803545,-0.3344149388033163,2.5013195274028535,1.4276158019789986,1.6025078108732675,0.0,0,0,0,0,0,0,0,0,1,0,0,0,Tidak Likuid,0
PACK,0.1946501041825463,0.8137643293509439,3.006761443083741,0.4709882552277834,1.186324217490555,0.21031644607847333,0.4018143032960265,0.051383791753618145,1.3470900820939289,0.4970533992910704,-0.3711729235130207,-0.7601624921521639,0.47369900322659275,-0.3088638665780339,-1.0372120946836103,0.0,1,0,0,0,0,0,0,0,0,0,0,0,Likuid,2
SRSN,-0.23421376858080747,-0.3676553502893275,0.29762981436081576,-0.5898129239230456,-0.969351058498508,0.031971608507356156,-0.6943838015065277,-0.5532981866337489,-1.3173109106680656,-1.2382883501005368,1.6602410174571403,-1.019240619220845,-0.29767837010133247,2.0324570348471784,1.5167180764051953,0.0,1,0,0,0,0,0,0,0,0,0,0,0,Menengah,1
PAMG,0.21077093112797546,0.5190579500861082,1.4785484406952902,-0.8760283635550131,-0.9347275024185634,0.5531747145373745,0.8820185469175578,-0.5146595923087547,0.13416294340087032,0.20181176276171542,0.7227125136055259,0.2453690465097981,-0.3417570771486425,0.3154883738020227,-0.7317169426753545,0.0,0,0,0,0,0,0,0,0,1,0,0,0,Menengah,1
MTEL,0.9519947769421986,0.9662472637877184,-0.8614852048869647,1.884391191384581,0.5543943527883464,0.9159403767248258,-0.3008955639309579,-0.6491418996540634,-0.6948447662816085,-0.5198864036745044,0.5724128129146546,0.7273193175495561,-0.3417570771486425,-0.5234849492086783,-0.9342179148208576,0.0,0,0,0,0,0,0,0,1,0,0,0,0,Likuid,2
MYOH,0.07959212893410965,-0.21675408519017056,-0.757274710412254,0.6044966253689109,1.1370206511147605,-0.42771935581569426,-0.9104883206071911,-0.5495411447626871,-0.8217208862013083,-0.5308240622863659,1.0464840615955122,-1.1515455352329211,-0.3417570771486425,-0.016198753899882234,0.8764337167166592,0.0,0,0,0,1,0,0,0,0,0,0,0,0,Tidak Likuid,0
PTIS,-0.06937583573159944,-0.14290689185307753,0.2758644713645996,-0.9766876962358042,-0.01867147834056027,-0.16996806799658332,0.07270898519959608,-0.251758487693583,1.5825366541522372,1.5084920632352705,0.45025649174372867,-0.3825075074172863,-0.3417570771486425,-0.621039986768062,-0.05400128962812017,0.0,0,0,0,1,0,0,0,0,0,0,0,0,Tidak Likuid,0
PIPA,0.07635091455441742,0.16597612511191034,0.7267161138168347,-1.4059419234713342,-1.6348325096340788,0.7199010198467332,1.3196426973016377,0.10389569789641853,1.772779456213376,0.23818265111457174,-0.1414897385481966,0.583613424227996,-0.3417570771486425,-0.17228681399489648,-1.0513941375089557,0.0,0,0,0,0,0,0,1,0,0,0,0,0,Likuid,2
APLN,0.5490000330236604,0.526740729712005,-0.46461026614649215,0.35361257792146855,-0.5862022128043388,0.8706829061426185,0.37882276168264734,-0.6374511900237485,-0.2876926143592768,-0.0055786610852219835,-0.1615292110619059,1.2644169708469386,-0.3417570771486425,-0.6405509942799389,0.0024943891679271414,0.0,0,0,0,0,0,0,0,0,1,0,0,0,Menengah,1
SDPC,-0.1214375225419659,-0.08969407222970498,0.8163365135135927,-0.872371433261458,-0.3932997181843085,-0.05754387912100244,-0.15745355231170505,-0.32953848772666156,-0.6375377692111841,-0.33445418309567293,0.34073178789442016,-0.004817749280968218,-0.3417570771486425,-0.09424278394738936,1.7445607316320528,0.0,0,0,1,0,0,0,0,0,0,0,0,0,Tidak Likuid,0
PANS,0.14303412669778448,-0.09608328435326788,-0.6548080340734855,0.05472306096949273,1.1202810968290382,-0.3467817332567528,-0.4594579913019266,-0.5839951654477941,-1.3958906371901036,-1.1438365046241854,1.1529161896277584,-0.2762162210418904,-0.3417570771486425,-0.5625069642324318,0.8896857895206703,0.0,0,0,0,0,1,0,0,0,0,0,0,0,Tidak Likuid,0
SMCB,-0.6894913041772017,-0.30744853723470567,3.5627055963941237,0.9170641542029431,0.6796911615988745,-1.226938072998176,-1.119783508322391,-0.35729858589630986,-0.9226605238574378,-1.6243739871821703,0.5783551336577507,-1.0943884255046783,2.1707292245480283,1.466637817002752,2.365541238602745,0.0,1,0,0,0,0,0,0,0,0,0,0,0,Tidak Likuid,0
VICO,-0.01620254390300106,-0.011534589948203786,0.5167837726454707,0.4206676576097819,-0.26181347556197276,0.004694139761675238,-0.9435213148784701,-0.3117297485237801,0.9591557851810738,1.1073410158346144,-0.40642103264676555,0.12815530079440243,-0.3417570771486425,-0.5234849492086783,-0.2230233410055952,0.0,0,0,0,0,1,0,0,0,0,0,0,0,Tidak Likuid,0
BMRI,1.538056917975664,1.7850916696138652,-0.9751774872568132,2.658369671141734,1.8850371772071706,1.4319747741679194,0.9935681576536726,-0.6505606969702578,-0.5995074109930225,-0.6734456033274848,-0.09385228106929773,1.9600606947984942,-0.3417570771486425,-1.0307711445174743,0.6248768259457816,0.0,0,0,0,0,1,0,0,0,0,0,0,0,Likuid,2
IBST,-3.5172664825753994,-1.4903896630661644,-0.2611785808537514,0.9217335656694249,1.8350020897350117,-3.185741378482777,-1.122153201878401,1.8122703146166603,-0.5400660263150219,-1.7648189634586582,0.984924123771192,-1.0830087219202296,2.8759885373049885,2.0909900573828084,-0.15071817184686787,0.0,0,0,0,0,0,0,0,1,0,0,0,0,Tidak Likuid,0
GSMF,-0.4154374593795127,-0.5707429441723716,0.5075542829833449,-0.14971637046289615,-0.9347275024185634,-0.21141318603929227,-1.0371871742228942,0.9813645999488854,-0.5472309850401958,-0.10810659141261263,1.0395866727285576,-0.3253244431908143,-0.3417570771486425,0.8227745691108186,1.7901292626774246,0.0,0,0,0,0,1,0,0,0,0,0,0,0,Menengah,1
BYAN,0.5316250933224391,0.41856851355605396,-0.742887625463516,2.658369671141734,2.356906469459867,-0.4591346427448291,-1.1081602230782417,-0.6427162711384031,-0.962175402351775,-1.124451733699653,1.181115447356631,-0.9428800041440233,-0.3417570771486425,-0.6600620017918156,0.1933707360467537,0.0,0,0,0,1,0,0,0,0,0,0,0,0,Tidak Likuid,0
MAHA,0.48769936895287785,0.37551808553454163,-0.684940472096722,0.4843902641967152,-0.23649497682210868,0.6468212320534638,-0.003483794430893855,-0.6365862775104685,-1.0860041210192057,-0.7098572765307392,0.42081786018649225,-0.025476829677006832,-0.3417570771486425,-0.42592991164929445,-1.0760383430743097,0.0,0,0,0,1,0,0,0,0,0,0,0,0,Menengah,1
CITY,0.19897337756743058,0.3673008382539799,0.8604446108071216,-0.34409964349714056,-0.5989552590326038,0.43544649279388603,0.16875119250417261,-0.5344995075461305,1.8249256099137174,2.1133306996126193,-0.9135104171388554,0.5130613372929755,-0.3417570771486425,-0.3478858816017874,-0.6666190411819667,0.0,0,0,0,0,0,0,0,0,1,0,0,0,Tidak Likuid,0
MARI,-0.4538642473712995,0.23531764311870856,4.125396901491711,-0.655142928482155,-0.969351058498508,-0.24834482532216703,-0.9361132030635848,-0.5621535390459224,-0.16373591004171742,-1.4279588752627812,-1.7168315554095097,-1.0773163457467865,-0.3417570771486425,2.461699200108467,-0.4434262360617797,0.0,0,1,0,0,0,0,0,0,0,0,0,0,Tidak Likuid,0
TRON,0.23294054662632055,0.33855286434784126,0.5273219665579528,-0.5492494656452165,-0.4928258514044991,0.4378765027489519,0.5866608835824549,-0.5649348306405411,1.194365030361933,1.5693162007339756,-0.44876165042507554,1.9581401290194687,-0.3417570771486425,-0.7771280468630763,-1.0437218848329493,0.0,0,0,0,0,0,0,0,0,0,1,0,0,Menengah,1
BRIS,1.3535043580381068,1.50627060441944,-0.9204652465795559,2.306191119637111,1.4528751197199683,1.062570791128063,0.4289685472628758,-0.650434681175213,-0.3605868897038298,-0.3622128786138876,0.27274391480481147,1.5787756977188292,-0.3417570771486425,-0.9722381219818439,-0.6336051054246058,0.0,0,0,0,0,1,0,0,0,0,0,0,0,Likuid,2
SCCO,-0.10860154028978855,-0.47232893985319946,-0.7353083829976078,0.2584612943852838,1.2972721258901976,-0.738169914519824,-0.9546538746010905,-0.3939764255313501,-1.1232900583953074,-0.6967718391841944,1.2011549198703406,-0.275968110867802,-0.3417570771486425,-0.38690789662554087,2.365541238602745,0.0,0,0,0,0,0,0,1,0,0,0,0,0,Tidak Likuid,0
IPTV,0.08733961471956121,-0.23146575879264647,-0.8353952157590402,0.011062552165262977,-1.3774606529748814,0.6126002702295922,-0.5500224769310673,-0.39077150063721133,0.3152877096347533,-0.5716568173473663,-0.6733065091043332,0.9570847104579131,-0.3417570771486425,0.41304341136140654,-0.7324144201913552,0.0,0,1,0,0,0,0,0,0,0,0,0,0,Tidak Likuid,0
FMII,-0.22953177648135123,-0.14744975676952224,1.2369003718644607,0.39193369135481204,0.22446042721292558,-0.43400094883425044,-1.0446532226825744,1.0029417633093127,2.3386621899904116,1.3335738925366336,-0.4917797180878386,-1.6208123860926207,0.7822499525577629,0.061845276147624625,0.8827110143606645,0.0,0,0,0,0,0,0,0,0,1,0,0,0,Tidak Likuid,0
BACA,0.16663942814503027,-0.059710367072718463,-0.6435931958526372,0.4372912450574823,-0.39790618389234805,0.30610047867102697,-0.7219355293886399,-0.6269549010093204,-1.7260805514583792,-1.4415124557428096,1.7253529203009,-0.9657532601863078,-0.3417570771486425,1.2129947193483541,0.26614089021614795,0.0,0,0,0,0,1,0,0,0,0,0,0,0,Tidak Likuid,0
IFSH,-0.3932080455089587,-0.5019965541082215,0.6706752667335706,0.23966540549251975,0.6988984562508682,-0.8688414950362605,-1.0806656181848497,0.8480430088223532,0.6354208764093695,1.7083164712181385,-0.4308970043857222,0.05650951514793547,-0.2535996630540225,-0.7576170393511995,-0.7672882959913844,0.0,1,0,0,0,0,0,0,0,0,0,0,0,Tidak Likuid,0
ZATA,-0.17575696741318084,-0.512876743987799,-0.5619289695320129,-1.2463390008252753,-1.9562591513827234,0.5349323251676839,0.13549871342587552,0.3709614102244945,1.7209948564754043,0.9546782002620421,-0.6023976063635151,0.5612432981925126,-0.3417570771486425,1.4471268094908754,-1.016287769203593,0.0,0,1,0,0,0,0,0,0,0,0,0,0,Menengah,1
PLIN,-3.5172664825753994,-1.417844254456444,-0.2611785808537514,1.0333676907298806,1.3910104516398676,-3.185741378482777,-1.122153201878401,0.45657094534309955,-1.219641499446385,-1.9082331337761012,1.4644103061557032,-1.241577812977195,3.250657547207124,2.598276252691605,1.5655415025252362,0.0,0,0,0,0,0,0,0,0,1,0,0,0,Tidak Likuid,0
SAPX,0.7292798219582441,0.7523234665302633,-0.553817063416657,-0.0551671268724539,0.8929685576119212,0.4534998702253513,1.5839284849456468,-0.6036310042299398,1.765421123098796,2.2003904522469875,-2.4995544730866976,2.113645529255822,-0.18748160248305742,-0.9137050994462137,-0.6677815037086343,0.0,0,0,0,0,0,0,0,0,0,0,0,1,Tidak Likuid,0
CASA,0.7504425172584632,0.6725571989628621,-0.898089532547035,1.6459903764738655,0.5121562366775338,0.6689866019128294,-0.5616163858664016,-0.6455261208465096,-0.6166603169955232,-0.3426316730039218,1.2799656184956856,-0.371808845396031,-0.3417570771486425,-0.2503308440424036,-0.4803925444098107,0.0,0,0,0,0,1,0,0,0,0,0,0,0,Menengah,1
CRSN,-0.09661448621947809,-0.09694726158076628,0.6323930756083921,-0.5810560820088104,-0.5204903538851797,0.010787448901307456,-0.43729594340131084,-0.23732263436277853,-0.010627520797442083,1.0095319424379998,0.30596096524331734,-0.5870888173174397,-0.3417570771486425,-0.4064189041374177,-1.0725509554943067,0.0,0,0,0,0,0,0,1,0,0,0,0,0,Tidak Likuid,0
TOYS,-3.5172664825753994,-5.365806350172516,-0.2611785808537514,-1.8299314915543101,-2.020081001525476,-3.185741378482777,-1.122153201878401,-0.5093340294860225,-2.390142587806191,-1.948357512943425,2.163049600528397,-1.2532103459746864,4.859530354433939,3.1640954705360307,-0.8242489597980988,0.0,0,1,0,0,0,0,0,0,0,0,0,0,Tidak Likuid,0
TMAS,0.3483988217552944,0.1530762002045692,-0.7735369660545776,0.9705795565966971,-0.36637318207479896,0.5286360920635601,-0.7714505313307142,-0.6207862286186856,-0.8883065027090112,-0.31704169104665003,0.9300476611498373,-0.21762035340027422,-0.3417570771486425,-0.4064189041374177,0.6260392884724495,0.0,0,0,0,0,0,0,0,0,0,0,0,1,Menengah,1
RAAM,0.4253651015160554,0.44743512026312543,-0.12307890271231794,0.34368709062622305,0.125820278239342,0.38677031270849116,-0.09376333342880179,-0.6007922839490665,0.37077236124297386,0.838450828529195,-1.2970779447347638,0.47181197045635115,-0.3417570771486425,-0.9527271144699672,-1.0579039276582944,0.0,0,1,0,0,0,0,0,0,0,0,0,0,Menengah,1
IPOL,-0.5742876265278899,-0.697095799195328,0.9253830935970813,-0.11824117800860318,-0.421479093047382,-0.6385136908285477,-1.0874343159610442,2.191184870434069,-0.339643461871695,-0.3116625564602145,1.128493810899768,-0.1711814829598667,-0.29767837010133247,-0.21130882901864992,0.03155595233461817,0.0,1,0,0,0,0,0,0,0,0,0,0,0,Tidak Likuid,0
UDNG,-0.25628282437762,-0.0787803105409438,1.7316972779505306,-1.15381690972487,-0.9347275024185634,-0.04562979780416104,-0.30281304096075384,-0.038806100378785666,0.9070338968932015,0.15759354882013824,-0.06805695960812892,-1.184688627343318,0.18718740741907772,0.3154883738020227,-1.0988226085969954,0.0,0,0,1,0,0,0,0,0,0,0,0,0,Menengah,1
PGUN,-0.7611165579577499,-0.4594879075741786,3.304508461352683,0.44520474769821616,0.35763971595634525,-1.1687104441733343,-1.1174511080151386,1.3573375937448653,1.1189094726095303,-0.12444584515181932,-0.21948953156309672,0.17807550455697338,1.002643487794313,0.7252195315514347,-0.817274184638093,0.0,0,0,1,0,0,0,0,0,0,0,0,0,Tidak Likuid,0
LPCK,0.21467982165054778,0.015160408452506133,-0.6178202898920728,0.14437564596748853,0.4383599274444372,0.002972850868738346,-0.4163956388762387,-0.5484213868934469,-0.32410980006566664,0.1846930169775076,-0.5533068275429487,0.14256115648985948,-0.3417570771486425,-0.6405509942799389,1.1319429800782064,0.0,0,0,0,0,0,0,0,0,1,0,0,0,Tidak Likuid,0
UVCR,0.12294653211601102,0.027755940222279573,-0.1143110205272439,-0.9634189155194611,-0.777529290875971,0.4181680925449234,0.8104598768719619,-0.5026122729592871,0.6124960819966121,0.7397656489734604,-0.07564575743172243,0.8151945123447248,-0.3417570771486425,-0.016198753899882234,-0.9067837991915013,0.0,0,0,0,0,0,0,0,0,0,1,0,0,Menengah,1
DIGI,-0.6091686919882799,-1.0387269747224128,-0.2834277544218054,-1.763171200433508,-1.6348325096340788,-0.15940340970801062,-0.48620543117431114,1.3783246668834441,0.320107035649526,-0.4933127377251253,0.41645136459666304,-0.44527996613913917,-0.3417570771486425,1.3690827794433684,-0.6642941161286314,0.0,0,1,0,0,0,0,0,0,0,0,0,0,Tidak Likuid,0
HERO,-0.33051997407548545,-0.536928357459819,0.15440475158624653,0.36241216521232056,0.4441455236845907,-0.675358677692688,-1.0763675605267138,0.7874549880924141,-0.5418890709791341,0.2798899633903473,-0.38597130321545253,-1.0843420622664175,-0.2756390165776775,-0.36739688911366414,1.8047762905134366,0.0,0,0,1,0,0,0,0,0,0,0,0,0,Tidak Likuid,0
INCO,1.2313749332762554,1.3432028562213156,-0.8992527131302422,1.7241991872636107,1.6051807625896664,0.8529323236967864,0.8750442068307127,-0.6501374971269072,-0.04704247509862283,-0.28495234866011154,-1.054925331127646,1.7295205375103162,-0.3417570771486425,-1.147837189588735,1.7424682990840514,0.0,1,0,0,0,0,0,0,0,0,0,0,0,Likuid,2
MPXL,0.14796423946471235,0.2780235653318489,0.780134560683167,-0.7577505971710587,-0.5204903538851797,0.32695444574972765,0.5461093972277823,-0.5728867761787116,0.8844652568564,0.6741351615341011,-0.2821879297760305,-0.007744208654517066,-0.3417570771486425,-0.2503308440424036,-1.058136420163628,0.0,0,0,0,0,0,0,0,0,0,0,0,1,Tidak Likuid,0
BIPI,1.0303588627545457,1.0109667086993683,-1.0435775289891995,0.7597006998120012,-0.696643007468699,1.5306916139088513,1.5825341910878468,-0.6481829496475839,0.16863647639763993,0.44580247956353175,0.6881444235193771,0.2964334048287798,0.09902999332445762,-0.3478858816017874,0.06596484312398021,0.0,0,0,0,1,0,0,0,0,0,0,0,0,Likuid,2
SIMP,0.5731843798032066,0.5953403257932929,-0.3406621541909706,0.8560354796734085,0.2752333631907553,0.5498135736094227,-0.18794530679071844,-0.6429727637815528,-0.6953801529647836,-0.6918422435473508,1.1482065888249429,0.5396594490461746,-0.3417570771486425,-0.5820179717443087,-0.04632903695211376,0.0,0,0,1,0,0,0,0,0,0,0,0,0,Likuid,2
YELO,-0.3205470949226017,-0.6608644974179965,-0.37376071134109295,-1.6286214537024986,-1.5674578790932507,0.19506225605831987,0.21511171048207098,0.7592080554301315,0.7770635108808561,-0.24935644771475635,0.03578251830384902,-0.9671206015932957,-0.3417570771486425,0.6081534864801742,-0.6738263088473061,0.0,0,1,0,0,0,0,0,0,0,0,0,0,Menengah,1
HRME,-0.5752142559912116,-0.8395177256259371,0.313996718408921,-0.8011069971423468,-1.2239346601936365,-0.30411408617048064,-0.9868086739940607,3.2625156331253393,0.15613081350456545,-0.9450068072806761,-1.1988666117715743,-0.1764353594105746,-0.31971772362498746,0.7447305390633118,-0.7121875722273382,0.0,0,1,0,0,0,0,0,0,0,0,0,0,Tidak Likuid,0
MHKI,0.17297622445481925,0.19175056776432986,0.2614101201830675,-0.41753398976922046,-0.4715693784238647,0.36195799387694416,0.21408450093926026,-0.555033947385006,0.04917424763240098,0.6275134794271946,0.026980033825678627,-0.09740146889294543,-0.3417570771486425,-0.621039986768062,-1.1378813494930282,0.0,0,0,0,0,0,0,1,0,0,0,0,0,Menengah,1
IATA,0.2208485752342124,0.001038163932528885,-0.6918222746925425,0.07733083372494219,-0.993584182783113,0.6321997120017924,-0.2721002584096157,-0.5788917753281585,-0.005947229858727541,-1.1470354722137408,-0.10371040512071142,-0.15404593195826502,-0.3417570771486425,0.530109456432667,0.35588299727488976,0.0,0,0,0,1,0,0,0,0,0,0,0,0,Likuid,2
COCO,0.07630447623777166,0.33589918264138147,1.4993960260744899,-1.2136241554287337,-0.6054339017668449,0.3005163316664213,1.060846392203135,-0.5267704524544516,1.953687539111615,0.9962149329753904,-0.28424881265028645,0.4590479625380898,0.032911932753492634,0.061845276147624625,-0.706840244604667,0.0,0,0,1,0,0,0,0,0,0,0,0,0,Likuid,2
BLTZ,-3.5172664825753994,-1.6970303678313197,-0.2611785808537514,0.2130220786130356,1.2030033362200014,-3.185741378482777,-1.122153201878401,0.9509494720541474,-1.2678981159842575,-1.7952489320439629,1.1574324343858833,-1.1436948844924077,3.0963820725415387,2.6177872602034813,-0.2871912724776489,0.0,0,1,0,0,0,0,0,0,0,0,0,0,Tidak Likuid,0
VOKS,-0.23108224431736818,-0.1042407323142208,1.4469216510186822,-0.09842584264642204,-0.13258361385979558,-0.30583455397702897,-0.9356274565963812,0.26698145417970426,1.2530426601046982,1.0085128148577938,-0.17824926174819122,0.28348071462446434,-0.31971772362498746,-0.7381060318393228,1.691784932921342,0.0,0,0,0,0,0,0,1,0,0,0,0,0,Tidak Likuid,0
GGRP,-3.5172664825753994,-0.44180747383984725,-0.2611785808537514,0.39840663748089905,-0.15229678072811867,-3.185741378482777,-1.122153201878401,0.04409897644810446,-0.2678928978745244,-1.5932374243645464,-1.786418706795756,-0.9393575924115612,2.5453982344501633,1.6032148695858894,-0.7493863730807027,0.0,1,0,0,0,0,0,0,0,0,0,0,0,Tidak Likuid,0
NETV,0.22501506212539724,0.21991612030898042,0.0807302789927259,0.8631003923058448,-0.30784173517922575,0.3429755362968828,-0.8766010256777473,-0.49153638849846065,1.1645289348241077,0.09782607866370163,-1.0596762783692641,-1.3522343649793065,-0.3417570771486425,-0.87468308442246,-0.9493299276675368,0.0,0,1,0,0,0,0,0,0,0,0,0,0,Menengah,1
KIJA,1.1672302326118207,1.1541653610307223,-1.1022716139178281,0.6238060837566959,-0.19541162075841553,1.5007798040234817,2.3703770848568317,-0.6501472948859098,-1.1461622323776959,-0.29590335749594815,0.9972238172308261,-0.00038087064229773497,-0.3417570771486425,-0.5039739416968015,1.3472310400170535,0.0,0,0,0,0,0,0,0,0,1,0,0,0,Likuid,2
AKSI,0.1373179049389591,0.26110518369025965,0.7710222462886783,-0.8192064248592509,0.01732409943901241,0.1339948928225934,0.7215421869016329,-0.3895660539126741,2.187133813008804,2.2137280484652364,-2.276614293779159,1.8208420151393545,-0.09932418838843741,-0.7381060318393228,0.7948288473445908,0.0,0,0,0,0,0,0,0,0,0,0,0,1,Tidak Likuid,0
TRIS,-0.2711620403019531,-0.4428560180062225,0.20020108208411838,-0.3094989033393243,-0.22945132395324014,-0.3199228838543569,-0.8950391062602847,0.1701743276945962,-1.060100713839833,-0.34600304791581243,1.0395866727285576,-0.7581300675477509,-0.3417570771486425,-0.4454409191611713,-0.1358386515055221,0.0,0,1,0,0,0,0,0,0,0,0,0,0,Tidak Likuid,0
IRSX,0.015287084672293994,-0.21098580566753555,-0.44022329624214707,-0.9920322418794523,-1.354599550389905,0.5692693055742423,0.5877203284314757,-0.15062962062421714,1.4777629893232511,-0.2349195934799038,-0.7280997521313293,1.399548316196196,-0.3417570771486425,-0.36739688911366414,-1.036979602178277,0.0,0,0,0,0,0,0,0,0,0,1,0,0,Likuid,2
TGUK,-0.40389881770968056,0.4032928254582656,4.125396901491711,-0.8120484032033077,-0.9347275024185634,-0.18457941657210702,-0.7987667206845346,-0.6406060446334003,0.7905748336353408,-0.5973792366369193,0.5271512527895194,-0.2144467473443799,0.6500138314158328,2.071479049870932,-1.0725509554943067,0.0,0,0,1,0,0,0,0,0,0,0,0,0,Tidak Likuid,0
AMMN,1.5165221296717115,1.7029372533208202,-1.0067759492127157,2.658369671141734,2.12435304509448,0.9972130493319533,-0.039782019558666414,-0.650481769232469,0.05295860018217397,0.020381318017782122,-1.2252042042181646,2.0613753726735613,-0.3417570771486425,-1.1283261820768582,-1.0718534779783062,0.0,1,0,0,0,0,0,0,0,0,0,0,0,Likuid,2
MCAS,0.15568206371353416,0.11562720782414693,0.050626909716356895,0.01675517708565995,0.9592009094562308,-0.2691955772715981,-0.4012209825801621,-0.3394577339128712,0.27663250848104265,0.8220484101298661,-0.1375503550625955,1.00925196903445,-0.3417570771486425,-0.8551720769105833,-0.5896640219165689,0.0,0,0,0,0,0,0,0,0,0,1,0,0,Tidak Likuid,0
ZONE,0.08693419022836643,-0.3282784797423353,-1.1022716139178281,-0.17627515959993814,0.7138374950553477,-0.2497184737619208,-0.3645129443661311,-0.598942775244355,-1.841233293517068,-1.3644964320557036,1.4640904163689026,-1.0279473989313552,-0.3417570771486425,1.2129947193483541,-0.6840559790819812,0.0,0,1,0,0,0,0,0,0,0,0,0,0,Tidak Likuid,0
LMSH,-3.5172664825753994,-1.8951341731569469,-0.2611785808537514,-1.7015589015692516,0.12191221744882669,-3.185741378482777,-1.122153201878401,4.065644359587519,-0.5145845583622944,-1.5562141138659094,-0.07503325528180176,-1.1387111573497584,3.3828936683490536,2.2275671099659458,1.7380509414827143,0.0,1,0,0,0,0,0,0,0,0,0,0,0,Tidak Likuid,0
INDF,1.3303437958825393,1.4315677050150553,-1.0381450823306473,1.9964589714163996,2.0599398086785863,0.7819524271173762,0.7992023707815439,-0.6504343881548318,-0.9165806712081196,-0.7914012399485804,1.1344381394283565,-0.04097971558288761,-0.3417570771486425,-0.9722381219818439,1.3890796909770886,0.0,0,0,1,0,0,0,0,0,0,0,0,0,Likuid,2
MTLA,-0.3978097858336626,-0.10544975381926622,2.553270776039169,0.5517756871069484,0.3178367886127659,-0.7138323168498639,-1.1003965504891748,0.047411450777538694,-0.7211164198982923,-0.6385066335546916,1.1951430781162278,-0.4919085872269851,-0.3417570771486425,0.47157643389703696,-0.04888645451078261,0.0,0,0,0,0,0,0,0,0,1,0,0,0,Tidak Likuid,0
PKPK,0.17339391637690638,0.1600477382553676,0.12958385431583389,-0.0714772748833977,0.6517347748927145,-0.100554929069637,-0.22010906702137858,-0.3855963366516298,0.524192461479105,0.1858194441809762,0.03578251830384902,-0.8354544543672496,-0.16544224895940243,-0.5039739416968015,0.2859027531694978,0.0,0,0,0,1,0,0,0,0,0,0,0,0,Menengah,1
CNTX,-3.5172664825753994,-4.2481888219388795,-0.2611785808537514,-1.8299314915543101,-0.3448140624121681,-3.185741378482777,-1.122153201878401,-0.5093340294860225,-2.390142587806191,-1.948357512943425,2.163049600528397,-1.2532103459746864,4.837491000910284,3.1640954705360307,2.365541238602745,0.0,0,1,0,0,0,0,0,0,0,0,0,0,Tidak Likuid,0
ADMR,1.1584146138638844,1.2624860126124442,-0.8369589199090732,1.8001564577876097,0.8804899156109605,1.0398725348535758,0.442328963409965,-0.650020375156214,-0.14457920543417954,-0.022110189790693933,-0.8440386244414492,1.448367242554588,-0.3417570771486425,-1.1088151745649815,-0.9439826000448657,0.0,0,0,0,1,0,0,0,0,0,0,0,0,Likuid,2
TFCO,-3.5172664825753994,-2.3289910236530735,-0.2611785808537514,0.48648177467589265,0.5147240545177926,-3.185741378482777,-1.122153201878401,1.8433816486528363,-1.6202088896849463,-1.9400798289474372,0.9175095986841656,-1.1528736022591397,4.2424284557715985,3.008007410441017,2.365541238602745,0.0,0,1,0,0,0,0,0,0,0,0,0,0,Tidak Likuid,0
BATA,-0.5493065556301635,-0.8387909171133229,0.16825004102293342,-1.314675188112225,-0.9575886050035398,-0.4030465493537438,-0.762175824883601,0.7311774841182431,-1.2534776813204151,-0.6181809820451647,0.17538442057483508,-0.7712149275985618,-0.3417570771486425,1.642236884609643,2.365541238602745,0.0,0,1,0,0,0,0,0,0,0,0,0,0,Tidak Likuid,0
MSJA,-0.027278717248838794,0.43904764166324106,2.6875096664633684,0.27327318898541636,0.125820278239342,-0.1487797647884875,-0.8825879861558205,-0.2758159373117436,-0.36672687984108954,0.07654412483024216,0.4984114759915179,-0.557128566993023,-0.3417570771486425,-0.6795730093036925,-1.1153295764756759,0.0,0,0,1,0,0,0,0,0,0,0,0,0,Menengah,1
YULE,-0.4341837883048451,-0.4719872622633538,1.0589098063437739,0.7353607234424118,1.4306922190958347,-1.2045441289592602,-1.1091360532317904,0.5936466078304529,-1.227745201274953,-1.1312481320849397,1.4903732529060396,-1.1555599990595566,1.068761548365278,1.642236884609643,0.5051431856990148,0.0,0,0,0,0,1,0,0,0,0,0,0,0,Tidak Likuid,0
IKAI,-0.17971602350042096,-0.5410245538675199,-0.6371871195364405,-0.9809262543841907,-1.8985252652625624,0.4929093219230568,-0.22966178388439315,0.8356907469396173,1.9032555735701056,1.3789097627010503,-1.3301468713350708,-0.11154942518296411,-0.3417570771486425,0.7642415465751885,1.1435676053448829,0.0,0,0,0,0,0,0,1,0,0,0,0,0,Menengah,1
AKRA,1.1429619301419878,1.196250378401724,-0.9665561218096017,1.5360621129200456,0.9773783282434543,0.9840611426147575,0.7892851950555151,-0.6499454467303548,-0.1673591620781192,-0.2835382797864905,-0.28561263219942623,1.2790069973499345,-0.3417570771486425,-0.9332161069580904,1.3702477980450727,0.0,0,0,0,1,0,0,0,0,0,0,0,0,Likuid,2
MOLI,-0.18995888682928838,-0.4042799385489882,-0.09676190319398019,-0.282167638316736,-0.10917017484426753,-0.2742117386178982,-0.8219967130796862,-0.14766674965390122,-0.5133573596648882,0.0011020677673670804,0.05055520637485308,-0.40936096675628303,-0.3417570771486425,-0.5820179717443087,-0.6598767585272944,0.0,1,0,0,0,0,0,0,0,0,0,0,0,Menengah,1
BBKP,0.8533250900007128,0.8907401320175812,-0.6685975285701004,1.1161795266182193,-0.8914414263952063,1.3933477432182142,0.37942657097831256,-0.6483516815872243,-0.027483026943678157,-0.03330924181924117,0.5271512527895194,-0.15419764236116965,-0.3417570771486425,0.4325544188732833,0.3709950101215691,0.0,0,0,0,0,1,0,0,0,0,0,0,0,Likuid,2
AGAR,-0.2789935211376946,-0.43301817601691583,0.2856745043704144,-0.6749425733074598,0.0007919573523436503,-0.4491017232488733,-0.7392476127024843,0.06916672324869681,1.0399275938825858,1.9770451922468215,-1.6036802157554142,0.2577439851514901,-0.3417570771486425,-0.621039986768062,-0.7665908184753837,0.0,0,0,1,0,0,0,0,0,0,0,0,0,Tidak Likuid,0
RCCC,0.4144828861605463,0.3524275613342008,-0.4175904289413329,-0.9310495315725733,-0.17747431948749495,0.5902548447991943,2.0611440149944875,-0.4479987306483134,0.5378047645848439,0.5349242177088981,-2.4792748910409768,-1.5245658464678653,-0.31971772362498746,-0.9917491294937207,-0.9930385186702402,0.0,0,0,0,0,0,0,0,0,0,0,0,1,Tidak Likuid,0
FILM,1.13125007144181,1.1425716125471268,-1.0678568855563362,1.649896277881177,1.5493242202591058,0.7256480565437898,0.5498362096187104,-0.6493362291148518,0.46470421103564835,0.6266707734241116,-1.6837944774902913,1.295134157670544,-0.3417570771486425,-1.1673481971006114,-0.6545294309046232,0.0,0,1,0,0,0,0,0,0,0,0,0,0,Likuid,2
MDIA,-0.7453455675601229,-0.31585529043935595,3.9085068171280644,-0.28504263391700335,-1.6907874008737576,-0.4619230784359748,-1.1103756643194862,1.1231599716384832,0.38346353532752414,-1.2083817893460826,-1.1785324411326632,-0.045625969907184136,2.1707292245480283,1.4861488245146288,-0.2874237649829824,0.0,0,1,0,0,0,0,0,0,0,0,0,0,Menengah,1
BBSI,-0.4109337833952061,-0.6751426053651903,0.04995142000386027,1.2848515678658707,1.694039319584643,-1.2968369750580675,-1.117724877552082,-0.0933787418743623,-1.3784431373614634,-0.9834679336923062,1.4170219819249974,-1.1507011768460587,0.7161318919867979,0.7642415465751885,-0.8316887199687717,0.0,0,0,0,0,1,0,0,0,0,0,0,0,Tidak Likuid,0
ASDM,-0.3637923958246405,-0.6514721613675454,-0.11462033179530773,-0.8090783224388025,0.40979287428242456,-0.7144274843155948,-0.7718387358378037,0.5732535644597511,-1.0043713304286566,-0.5542445652586786,1.1371578947459133,-0.8344582506928561,-0.31971772362498746,-0.5429959567205551,1.7778071598947474,0.0,0,0,0,0,1,0,0,0,0,0,0,0,Tidak Likuid,0
FITT,0.08129950942901808,-0.03137870666977112,-0.11824283182978805,-0.9810063595795743,-0.5435692336867444,0.24185604676987515,0.6064160323620339,-0.48694332200572815,1.0056935717530766,-0.2528863423862749,-0.5006020036558374,-0.8276655311933324,0.4075809426556278,0.6666865090158046,-0.7261371225473499,0.0,0,1,0,0,0,0,0,0,0,0,0,0,Menengah,1
GRPM,-0.006457735411383496,-0.15183213230299247,-0.11058551246444134,-1.2226294697359519,-0.9460502119222292,0.3135401069218113,0.6918433318716839,0.3458660720884983,0.6019186886756779,1.1587474286381878,-0.9895602153283826,-0.43030771598127326,-0.31971772362498746,0.15940031370700847,-1.0725509554943067,0.0,0,0,1,0,0,0,0,0,0,0,0,0,Tidak Likuid,0
SAMF,-0.09817312518988654,-0.2906816387843888,-0.15218994940389963,0.2936245802579033,0.23471714570032542,-0.300708478762091,-0.9648384898892451,-0.334674900716635,-0.20621121173335802,-0.1614005241433322,-0.25184796041946983,-0.43837204091408133,-0.3417570771486425,-0.2503308440424036,-0.7944899191154072,0.0,1,0,0,0,0,0,0,0,0,0,0,0,Tidak Likuid,0
MYTX,-3.5172664825753994,-1.888935544379575,-0.2611785808537514,-0.626345059347922,-1.1637400503587922,-3.185741378482777,-1.122153201878401,4.065644359587519,-0.8359934446107318,-1.820875941989564,0.7202075795413123,-1.2373169807130493,3.5812478500619487,2.695831290250988,1.7931516652467605,0.0,0,1,0,0,0,0,0,0,0,0,0,0,Tidak Likuid,0
PRDA,0.6020583256462535,0.5117529113821774,-0.7588042724796454,0.44265694946516865,1.450693030467581,0.09875171826392574,0.4339991909117635,-0.6419323168447078,-1.1847673051928576,-0.7951282388489777,0.4346450962209518,-0.10363565781889587,-0.3417570771486425,-0.6405509942799389,-0.5131739876618382,0.0,0,0,0,0,0,1,0,0,0,0,0,0,Menengah,1
META,-3.5172664825753994,-5.365806350172516,-0.2611785808537514,0.6747285885112764,-0.03369077638094391,-3.185741378482777,-1.122153201878401,-0.5093340294860225,-2.390142587806191,-1.948357512943425,2.163049600528397,-1.2532103459746864,4.859530354433939,3.1640954705360307,0.7936663848179233,0.0,0,0,0,0,0,0,0,1,0,0,0,0,Tidak Likuid,0
BUDI,-0.3092410401268659,-0.6116977916791566,-0.2518596488240566,-0.006596617865651908,-0.06489496189077532,-0.4394582101216848,-1.0162183378194196,0.160606980829225,-1.1943542392754292,-0.8209862253939489,0.8374633360678109,-0.44459111751537717,-0.3417570771486425,0.003312253611994481,1.3197969243876972,0.0,0,0,1,0,0,0,0,0,0,0,0,0,Tidak Likuid,0
AMAR,0.040408565083380775,-0.038071633516463,0.07910652484509223,0.5631173498188139,-0.19046671720485622,0.07012079013126263,-0.9295235365152235,-0.54302512714395,-0.3335596540036792,-0.4572495340522594,0.41645136459666304,0.35009109329265914,-0.3417570771486425,-0.23081983653052687,-0.7754255336780578,0.0,0,0,0,0,1,0,0,0,0,0,0,0,Tidak Likuid,0
BNBA,0.21233070447566618,0.11318107822884925,-0.26250211074058344,0.39436492591996064,0.6181201973327657,-0.07225140199591584,-0.6367272348854072,-0.563478323284308,-0.21939923466134098,0.13081840988076082,-0.3938556858437974,0.3824249727574318,-0.3417570771486425,-0.4844629341849247,0.38006221782957667,0.0,0,0,0,0,1,0,0,0,0,0,0,0,Tidak Likuid,0
AMFG,-0.04608504114367305,-0.328897115069234,-0.5516267369466639,0.28989427244434335,1.7240046698797118,-0.8224325448266051,-0.9033938900672122,-0.3260254015223105,-1.1800730118219886,-0.8253911328760709,0.29622779629528223,-0.5737072185203431,-0.2535996630540225,-0.016198753899882234,1.277018303406328,0.0,0,0,0,0,0,0,1,0,0,0,0,0,Tidak Likuid,0
BMBL,-0.034544748794962686,-0.3264200915404745,-0.597379154135432,-1.8299314915543101,-1.6529158620983333,0.6042801417340704,1.8935350951250207,0.4326267162184922,1.2503977490521325,2.394194468387559,0.012146217390243021,-0.9026266219891923,-0.3417570771486425,0.45206542638516023,-1.0307023045342716,0.0,0,1,0,0,0,0,0,0,0,0,0,0,Tidak Likuid,0
ARNA,0.5171957862082309,0.39576222047035525,-0.7512585933375052,0.7267421543711859,0.5639188779667366,0.355731337525619,-0.20647263883181388,-0.64281815397071,-1.1220803294383315,-0.6686271890438725,0.6739626429712136,-0.04742889542936226,-0.3417570771486425,0.530109456432667,0.7938988773232567,0.0,0,0,0,0,0,0,1,0,0,0,0,0,Menengah,1
ASHA,-0.17784898599410992,-0.5058294098835842,-0.528103880795304,-1.324162916327474,-1.7524419953185235,0.4229573251258159,0.1866248755853167,0.3681257739583347,1.2976979059079126,0.13119588746203073,-0.29512569448663595,-0.4215738442825946,-0.3417570771486425,0.6471755015039279,-0.9774615208128937,0.0,0,0,1,0,0,0,0,0,0,0,0,0,Menengah,1
BVIC,0.28125411013550167,0.22154476097090783,-0.21709204957181394,0.1289853970196095,-0.645832023230977,0.549327571782038,-0.19571126565426675,-0.6059966219795878,-0.23639082842173617,0.1181555529178281,0.4190738844704343,0.7807816333910347,-0.3417570771486425,-0.21130882901864992,0.9678032713127357,0.0,0,0,0,0,1,0,0,0,0,0,0,0,Menengah,1
RBMS,-0.6197260122177234,-1.058779172149682,-0.30296468278733685,-1.2596172662324552,-1.3113134743665478,-0.3004830892250002,-0.841625739940822,1.8767025505654948,-0.10835575522968008,-0.7654017329313512,0.3736425843042184,-1.4541719488176466,-0.09932418838843741,0.9008185991583257,1.0975340892888445,0.0,0,0,0,0,0,0,0,0,1,0,0,0,Tidak Likuid,0
CGAS,0.2792777818387232,0.2973883892006234,0.08777195949382327,-0.8486171836135769,-0.5614743989688292,0.4973462616801181,1.1391697745136007,-0.6105550593281885,0.5551710418354074,0.6495341614524519,0.06666220175549582,0.05980353786700815,-0.3417570771486425,-0.11375379145926608,-1.1148645914650088,0.0,0,0,0,1,0,0,0,0,0,0,0,0,Menengah,1
POLI,-3.5172664825753994,-1.8221695253769408,-0.2611785808537514,0.1885589590147913,0.667867481306319,-3.185741378482777,-1.122153201878401,3.169198576972736,-1.0300764720285602,-1.7547046418264403,0.9954163353962562,-0.918379000310469,3.801641385298499,2.461699200108467,-0.6907982617366537,0.0,0,0,0,0,0,0,0,0,1,0,0,0,Tidak Likuid,0
GUNA,0.3031366273197199,0.22293514526215746,-0.32471132103888123,-0.15239903268644625,0.10602285210161397,0.27980566120181866,0.26333557598519897,-0.5889990340321138,-0.46403511122700847,0.04219157559676576,0.2004741633792979,-0.12207217251680691,-0.3417570771486425,-0.03570976141175921,-1.1573897956155645,0.0,0,0,1,0,0,0,0,0,0,0,0,0,Tidak Likuid,0
NASA,-0.5731143819890677,-1.0225264734884496,-0.4068020752367841,-0.846703761385856,-1.6348325096340788,-0.12036942955286084,-0.9702526545724636,3.7612532213992647,0.5282998633617383,-0.5287118028724899,0.08896419535946283,0.1155936821965941,-0.3417570771486425,1.0959286742770933,-0.5696696664578855,0.0,0,0,0,0,0,0,0,0,1,0,0,0,Tidak Likuid,0
MPIX,0.10747810244085536,0.012836122704066373,-0.08865232137213576,-1.125313792015706,-0.8318116159685682,0.41072292280491746,0.9711849091994433,-0.5618162780874641,0.04257690655284301,0.4281429399742404,-0.1414897385481966,1.0707154898450684,-0.3417570771486425,0.21793333624263886,-1.1218393666250146,0.0,0,0,0,0,0,0,0,0,0,1,0,0,Menengah,1
SOSS,-0.6112644066787314,-0.7855181777361546,0.7616461927070657,-0.5173551673998906,0.334625317831789,-0.9874024336599919,-1.0548175642494004,2.463724997318118,1.2964170905208288,0.3245378613382978,-1.945614821139587,-1.6208123860926207,0.14310870037176768,-0.4844629341849247,-0.6756862488899743,0.0,0,0,0,0,0,0,1,0,0,0,0,0,Tidak Likuid,0
BLUE,-0.30412527902507086,-0.5839259666457143,-0.17450396966011547,-0.9550290378827975,0.17445574168416786,-0.5246495099922707,-0.5342743342872619,-0.058222299795060814,-1.2088515410253773,-0.7147553205010678,1.444345806646883,-0.9356737147496612,-0.3417570771486425,-0.28935285906615704,-0.7324144201913552,0.0,0,0,0,0,0,0,1,0,0,0,0,0,Menengah,1
NASI,0.3194212409643275,0.24995407563783706,-0.3090387840004093,-1.3153491684630376,-0.6743430418589271,0.608498263689139,2.099543501024021,-0.5888653330176505,0.47788737303085654,0.9474550588002348,-0.8538018978991433,0.7038051895597682,-0.3417570771486425,-0.46495192667304797,-0.9391002574328617,0.0,0,0,1,0,0,0,0,0,0,0,0,0,Menengah,1
AIMS,0.4919049100084934,0.40707727748511746,-0.6009016061856091,-1.2048532179545188,0.2471989212919851,0.43154033476331927,2.5678590882698646,1.0173703520891675,0.961207139588366,1.2246685526762333,-1.1554870477418975,1.4020189714611349,-0.31971772362498746,-0.6990840168155692,0.793201399807256,0.0,0,0,0,1,0,0,0,0,0,0,0,0,Tidak Likuid,0
SSIA,1.1259449990637889,1.2894276885191995,-0.6086269726182642,0.762078185707955,0.8776816244363188,1.002325275081532,1.9588684215006946,-0.649704477049398,0.48637008881590443,0.449225479834573,-0.6596137554716238,1.473751621692004,-0.3417570771486425,-0.9722381219818439,1.1596095882128963,0.0,0,0,0,0,0,0,0,1,0,0,0,0,Likuid,2
BUKA,1.1650227825595625,1.2728803416874963,-0.8334318279840092,1.215989844254034,-0.4143104020272969,1.54977045184518,1.3969763794765977,-0.6501278776289876,-0.1472585706041116,0.12671347839392366,0.9214202423320282,0.9307369012069002,-0.3417570771486425,-0.621039986768062,-0.9091087242448365,0.0,0,0,0,0,0,0,0,0,0,1,0,0,Likuid,2
ARCI,0.5708184744370457,0.8643526680837109,0.7638901197661502,0.9297328037579521,0.08347127804734615,0.6366740933984146,-0.2540592160144926,-0.6355980814025171,0.09869286286620693,0.4311111065246099,0.8678401491992735,-0.2845108127430026,-0.23156030953036746,-0.7381060318393228,-0.9000415165368288,0.0,1,0,0,0,0,0,0,0,0,0,0,0,Likuid,2
CENT,-0.22078635166259095,0.2874862641555245,3.2701384555773196,0.1982351468205,-0.969351058498508,0.06708552023848026,-1.005579810940795,0.44314277403830926,1.2464026752283937,0.21521128126893274,-0.3509933148278867,-0.02752108226053654,-0.31971772362498746,0.022823261123871195,0.7690221792525691,0.0,0,0,0,0,0,0,0,1,0,0,0,0,Menengah,1
PEHA,-0.2428458786772922,-0.4652481097697712,-0.047049242660807476,-0.6500479028305484,0.1373954200282452,-0.4458454587181897,-0.6787028624776956,-0.06839925642165315,-0.21561188073582307,0.012543419622459322,0.2643843540055916,-0.2624816954459704,-0.3417570771486425,-0.4454409191611713,-0.6873108741566508,0.0,0,0,0,0,0,1,0,0,0,0,0,0,Tidak Likuid,0
ACST,0.1151884073925218,0.04670738289436999,0.0014861995982130213,0.05382649886148852,-0.6119825852390283,0.3427725251961057,-0.500732631767571,-0.5496955643202791,-0.4059431997514634,-0.4918832496424734,-0.6238351816107394,0.6253584202738047,-0.3417570771486425,-0.1917978215067732,-0.2197684459309257,0.0,0,0,0,0,0,0,0,1,0,0,0,0,Tidak Likuid,0
NANO,0.16389395649428515,0.08202392318481908,-0.125301278547319,-1.1247167380098018,-1.4259463087470219,0.7331419336324937,1.1889869095772836,-0.10920820992384234,0.7795414154971761,1.6899934086969353,-0.4707096441305668,-0.24084294783646698,-0.3417570771486425,0.530109456432667,-0.9593271053968786,0.0,0,0,1,0,0,0,0,0,0,0,0,0,Menengah,1
GJTL,0.9082890771075579,0.9250799973300946,-0.8018537671698134,0.646343003184507,0.9132114968117945,0.7068861855321867,1.2661957776857629,-0.6490848452037173,-0.5638109864300203,-0.5477728750414117,0.20503223506478024,1.6999682320700775,-0.3417570771486425,-0.8941940919343369,1.7443282391267196,0.0,0,1,0,0,0,0,0,0,0,0,0,0,Menengah,1
AEGS,-0.21278045387032843,-0.36039544305407384,0.20429218215157685,-1.6607836050755638,-1.2330438141269915,0.1812696969095881,0.6176645424798881,0.05507666543463872,0.43449418158229475,1.1237860163527527,-0.20733371966467046,0.39954373799540793,-0.3417570771486425,0.45206542638516023,-1.087197983330319,0.0,0,1,0,0,0,0,0,0,0,0,0,0,Tidak Likuid,0
GPSO,0.26473463186809726,0.5442892191386266,1.2465018595293296,-0.6851379128102527,0.232679648584523,0.22920621996017093,1.0621257563381743,-0.5727132990162915,2.3386621899904116,1.8725264431226887,-2.1036403758191247,1.7078627770983856,0.18718740741907772,-0.5234849492086783,-0.9163159919101759,0.0,0,0,0,0,0,0,1,0,0,0,0,0,Menengah,1
SICO,0.13203504090795248,0.05111187698713221,-0.07313377811367547,-1.1487642891716678,-0.5377165570321985,0.32969887653178676,1.1326610730095525,-0.5527761432156961,0.009354224595803054,0.2714755254945936,0.5081363113647328,-0.4227910963496662,-0.3417570771486425,-0.4454409191611713,-0.966069388051551,0.0,0,0,0,1,0,0,0,0,0,0,0,0,Tidak Likuid,0
BELL,-0.08045917350877953,-0.07251009466049074,0.6406363223171146,-0.4550742080052056,-0.9126978993758402,0.20568788940132235,-0.49770157410160903,-0.30835053062619366,0.707755695044584,0.2945444586669169,-1.0253483556528662,0.3731603586799792,-0.3417570771486425,0.2374443437545156,-0.5829217392618966,0.0,0,1,0,0,0,0,0,0,0,0,0,0,Menengah,1
LSIP,1.0077799708095476,1.0435460997379427,-0.8630806604648857,0.9421370196861149,0.8804899156109605,0.8486754115920018,1.1891802921320966,-0.6495062448666384,-0.46669970756481854,-0.38982330092308237,0.6682132724787145,0.7843369501348032,-0.3417570771486425,-0.8161500618868298,1.2212201021262814,0.0,0,0,1,0,0,0,0,0,0,0,0,0,Likuid,2
CMPP,-0.5102037874595607,-0.9534172220953581,-0.47244616941450673,-0.08972798358881816,-0.689118099254334,-0.4262201630117601,-1.0733862178459055,0.8447357309040545,-0.3048552781320144,-1.361563939528313,-0.37194367245585574,-0.5715079328339324,-0.3417570771486425,0.3935324038495298,1.35490329269306,0.0,0,0,0,0,0,0,0,0,0,0,0,1,Tidak Likuid,0
JAWA,0.14502574747777872,0.25995980516729156,0.7186435259095989,0.2653819935679228,-0.4955361347689871,0.31873962552481355,-0.6379701593787288,-0.4867245323524661,1.3530347340307134,2.0317176103740224,-0.31129790037489286,-0.087875753668835,-0.2756390165776775,-0.4454409191611713,-0.04400411189877851,0.0,0,0,1,0,0,0,0,0,0,0,0,0,Tidak Likuid,0
BNGA,0.9221951921955311,0.9130812904360387,-0.8955359365005022,1.792981612288851,1.1717766833726886,0.6202383627465613,-0.29001077310988266,-0.6497314954558726,-1.3026448099752133,-1.1392873489603477,1.0679602303807225,0.3678666084313416,-0.3417570771486425,-0.9527271144699672,1.7815270399800838,0.0,0,0,0,0,1,0,0,0,0,0,0,0,Likuid,2
ADHI,0.8103955388390579,0.8697096125049618,-0.5395528228621262,0.3527034161593632,0.010294070963064571,0.9561209492138816,1.3600965528857714,-0.6446017813316983,0.40480920713450436,0.33256463648956314,-0.5850048566346352,2.952368196853509,-0.3417570771486425,-0.9722381219818439,0.5672186846230668,0.0,0,0,0,0,0,0,0,1,0,0,0,0,Menengah,1
GLOB,-3.5172664825753994,-1.8364992379235143,-0.2611785808537514,-1.2736827698090882,-0.8131717661556501,-3.185741378482777,-1.122153201878401,4.065644359587519,0.5268041342881563,-1.28136611082247,-1.3992213778408455,-1.3023270162495875,2.611516295021129,1.7983249447046572,-0.1386285615695244,0.0,0,1,0,0,0,0,0,0,0,0,0,0,Tidak Likuid,0
STAR,-0.96674405023221,-1.0729497034469002,1.7181602732082188,-0.6983185940939671,-0.969351058498508,-0.8970003540129327,-1.1054986131840798,1.2613591897537761,0.3867669968675258,-1.291817781422849,-1.3767228242932505,-0.522954369405976,0.23126611446638767,1.6812588996333964,-0.05423378213345377,0.0,0,0,0,0,1,0,0,0,0,0,0,0,Tidak Likuid,0
MICE,-0.40786421345793034,-0.6893408851244137,-0.022989586121192052,-0.601086729204593,0.4024355289197294,-0.7622463136697983,-0.9185636654775798,1.166098050676711,-0.7911235410846893,-0.830772742215315,0.7752979112517282,-0.44904478128728914,-0.2535996630540225,0.21793333624263886,0.4177260036936082,0.0,0,1,0,0,0,0,0,0,0,0,0,0,Tidak Likuid,0
BMTR,0.8312752261186104,0.7573449732136037,-0.9777396514794828,0.5225397185410278,-0.18556185379550325,1.0827955792897548,1.2300382874599824,-0.6477809498526097,-0.4733297222015916,-0.330726534603631,-0.5793522129727493,1.6095947849489378,-0.3417570771486425,-0.6015289792561854,1.3035224490143504,0.0,0,1,0,0,0,0,0,0,0,0,0,0,Likuid,2
IGAR,-0.3590747686951454,-0.4020657735011204,0.9018520612619663,-0.3367930248708599,0.4441455236845907,-0.7044985422263369,-0.9594190578063779,1.5279730427050218,-0.8816334386992164,-0.8601596765117037,1.4554937385848807,-0.3152005546467308,-0.31971772362498746,0.003312253611994481,1.7022470956613511,0.0,1,0,0,0,0,0,0,0,0,0,0,0,Tidak Likuid,0
JKON,0.3438693854624648,0.3882462618950193,0.0907088734682182,0.11881031776197666,-0.6816855235333145,0.6505006075030865,0.018711861255158183,-0.6192891610702329,-0.5648384137307848,-0.011931308557052678,-0.20015073990650964,1.0796085842359244,-0.3417570771486425,-0.3088638665780339,0.25195884739080265,0.0,0,0,0,0,0,0,0,1,0,0,0,0,Menengah,1
INAI,-0.2028347227108806,-0.0916288787044019,1.3225074990132508,-1.151821613523651,-0.32399595441610923,-0.1715721157275013,-0.017796319087949906,0.5571253501793826,1.4189276787631182,2.2646354314254062,-0.49738062382331605,-1.1954901743481399,-0.3417570771486425,-0.7381060318393228,1.3556007702090607,0.0,1,0,0,0,0,0,0,0,0,0,0,0,Tidak Likuid,0
PGLI,-0.332146998604063,-0.3483481336904186,0.9742844673795504,-1.2769196067963167,-0.32399595441610923,-0.3765932425940533,-0.33074674937397497,0.8758397091542445,1.2768181960302463,2.060709793342262,-0.44876165042507554,-1.4069649653014364,-0.3417570771486425,-0.9137050994462137,0.9027053698193477,0.0,0,1,0,0,0,0,0,0,0,0,0,0,Tidak Likuid,0
PMJS,-0.4069408900541078,-0.5062690873737193,0.7359132839712844,0.22555750504476488,-0.44600662672850705,-0.40612917604938026,-1.0808888243147086,1.3697295638913405,-0.1762202536837001,0.2834400512657468,0.00012999737271160146,-0.20776184166231212,-0.3417570771486425,-0.46495192667304797,-0.7703106985607202,0.0,0,1,0,0,0,0,0,0,0,0,0,0,Tidak Likuid,0
SMKM,0.1403972614157036,0.01486372510240135,-0.2549003956458438,-1.1738008027533122,-0.7604648576114511,0.4409223106327665,1.2299205354905216,-0.37313366137016846,0.42744144769408143,0.6129519238100516,-0.9410237949625245,-0.5823721629375493,-0.3417570771486425,-0.07473177643551264,-0.959094612891545,0.0,0,0,0,0,0,0,0,1,0,0,0,0,Menengah,1
WIRG,1.0381107087604255,1.129878513852731,-0.7283779596535199,0.014496657548179496,-0.6252962491115819,1.4965811059646705,2.8016463278360675,-0.6481481566146713,0.7427156258361391,1.0834241541274483,-0.5833255566608123,2.2896012262530507,-0.3417570771486425,-0.8551720769105833,-0.9651394180302169,0.0,0,0,0,0,0,0,0,0,0,1,0,0,Likuid,2
CINT,-0.1852965372348639,-0.14645822939105696,0.9607412276800654,-0.8579330284697445,-0.22945132395324014,-0.19689072443689795,-0.32785161149684655,0.6402702616066345,1.2671833710071942,1.27759800754114,-0.21062591872049416,-0.21925714836645593,-0.3417570771486425,-0.621039986768062,-0.30532568789366404,0.0,0,1,0,0,0,0,0,0,0,0,0,0,Tidak Likuid,0
MERK,-0.12779898512478616,-0.44768141392308397,-0.5677270329109187,0.2063843934448741,1.5992228232424266,-0.9020201025561722,-0.9623655833786104,-0.3799445825103386,-1.3635277112469841,-1.1030368650456719,0.7518162320629367,-0.2232961066523445,-0.31971772362498746,-0.5039739416968015,2.365541238602745,0.0,0,0,0,0,0,1,0,0,0,0,0,0,Tidak Likuid,0
CEKA,0.08548982146944666,-0.08057482094007135,-0.32408189921374997,0.0875684429294675,1.2772313980432932,-0.5023580874285298,-0.6372690256269429,-0.509593255962254,-0.8997400879367637,-0.5112414050069469,1.3298699933237823,-0.38239326352933,-0.3417570771486425,-0.5039739416968015,1.2202901321049473,0.0,0,0,1,0,0,0,0,0,0,0,0,0,Tidak Likuid,0
SKBM,-0.1999111575635647,-0.23241079161805436,0.6701440722420042,-0.2414128298354237,0.21612814561011615,-0.4132968336523476,-0.8475623357283617,0.49806707009589457,1.5532175061484563,2.2012815773254513,-1.39055006032771,-1.2587864769078294,-0.31971772362498746,-0.87468308442246,-0.15722796199620673,0.0,0,0,1,0,0,0,0,0,0,0,0,0,Tidak Likuid,0
POWR,0.6256051748139448,0.47502271555059933,-0.9647610364928142,1.1386421810710676,0.6094167814948912,0.47852971687027684,-0.3578269060554513,-0.6477845504977049,-1.6117917612086736,-1.1113289922275202,1.5485057767746386,-0.5669772130879192,-0.3417570771486425,0.5496204639445441,-0.47225530672313726,0.0,0,0,0,0,0,0,0,1,0,0,0,0,Menengah,1
PNBS,0.10836566597023131,0.1599213723516626,0.5067028447173844,0.29829030365375037,-0.969351058498508,0.4679688172323554,-0.7263331442676955,-0.6417328289931461,-1.3850736069398488,-1.1247565506851982,1.400167612420283,-1.2088370405121052,-0.3417570771486425,1.9544130047996715,-0.26742940952429906,0.0,0,0,0,0,1,0,0,0,0,0,0,0,Menengah,1
KUAS,-0.12914887857445434,-0.3262367487616919,-0.1229168669132389,-1.317333101157912,-0.9575886050035398,0.16131473238635255,0.38622635826549206,-0.36531075721894624,-0.4208758232124816,-0.6909593837438456,1.7533537180258914,-1.3300794463027652,-0.3417570771486425,1.0178846442295866,-0.9277081246715188,0.0,0,0,0,0,0,0,1,0,0,0,0,0,Menengah,1
LPPF,0.7336315389420979,0.7402752650288102,-0.6144455489030982,0.6055933082955764,1.1240411791780478,0.40667299246122995,0.6880886177585719,-0.6471388590386142,-0.7066309040727963,-0.6049514648863457,0.919793795700909,0.5029156866258788,-0.3417570771486425,-0.9527271144699672,1.7933841577520941,0.0,0,1,0,0,0,0,0,0,0,0,0,0,Menengah,1
NINE,0.29677289990383376,0.5070129054114229,0.8749394404876566,-0.8654443405260552,-0.7004408087580001,0.8461110456936122,2.0785852569172856,0.2832842573399047,1.9984224912547424,2.4735208486308733,-2.4347184551017143,-1.6208123860926207,0.3194235285610077,-0.05522076892363592,-1.0221000818369312,0.0,0,0,0,0,0,0,0,0,0,1,0,0,Menengah,1
CSIS,-0.174170496848219,-0.4226988019175573,-0.2498736466625044,-1.1672750765798114,-0.777529290875971,0.07660153488378472,0.15303317153422796,1.8060731390707903,0.8444497594959338,0.10782166917950797,0.25584463025811255,-0.7184528714898136,-0.31971772362498746,-0.05522076892363592,-0.5489778334832015,0.0,0,0,0,0,0,0,0,0,1,0,0,0,Menengah,1
TNCA,0.15480987270954777,0.25958391307434336,0.6572838760111552,-1.2647842954646336,-0.22076039551085197,0.23053913060075856,1.4162892200033808,-0.5170458642727825,1.5913012796227284,1.5081358479967184,-1.8929396362464073,1.7869168757009304,0.18718740741907772,-0.5234849492086783,-0.6452297306912821,0.0,0,0,0,0,0,0,0,0,0,0,0,1,Tidak Likuid,0
MARK,1.0551793777613407,1.0285751466534832,-1.088347224557647,0.592851524563036,0.7932463452389437,0.9493998254518804,1.9594158182699417,-0.6497494937562667,-0.6347986740011841,-0.2312466656360341,-0.40403219489869446,0.09054280713647107,-0.3417570771486425,-0.8551720769105833,-0.5636248613192139,0.0,0,0,0,0,0,0,1,0,0,0,0,0,Likuid,2
GGRM,0.8494533368904962,0.8090976450260338,-0.9027650717496412,1.491538480538835,2.341104871434792,0.06084881479363491,-0.12098458034012455,-0.6487889724783478,-0.7073595338875466,-0.7684645816174518,-0.4857823626993985,1.1172489649501638,-0.3417570771486425,-0.9527271144699672,1.718521571034698,0.0,0,0,0,0,0,0,0,0,0,0,1,0,Likuid,2
GRIA,0.3501566192391652,0.6195444030644087,1.0459520960376876,-0.2003541004098769,-0.6054339017668449,0.6144504006960497,0.4426773352367249,-0.31400278663446507,0.024161156705931566,0.455268453024388,-1.492150185972217,-0.9716159076469162,-0.3417570771486425,0.15940031370700847,-1.079293238148979,0.0,0,0,0,0,0,0,0,0,1,0,0,0,Tidak Likuid,0
PNLF,1.1720618421352937,1.3138083267082747,-0.7377441988830342,1.1864327418419098,0.2535418831383445,1.3287987787768016,1.4856915002862068,-0.6499335366249641,-0.0069859501697919725,0.23859601077511128,-0.6349322793857728,1.5611370052072315,-0.3417570771486425,-0.9137050994462137,2.3302093525672105,0.0,0,0,0,0,1,0,0,0,0,0,0,0,Likuid,2
CHEM,0.09940326443147844,0.023461575935478783,-0.0033179731714148833,-1.1082766827247614,-0.8608930718939866,0.40407479370142146,0.8885221792512036,-0.523815683632569,0.4845543707321899,0.5861276326177232,-0.5168683113050024,-0.4780375104508582,-0.3417570771486425,0.13988930619513174,-0.9872262060369019,0.0,1,0,0,0,0,0,0,0,0,0,0,0,Menengah,1
ZINC,-0.09004814040922916,-0.44357381444558797,-0.726263537923623,-0.4797286304549782,-1.6715557119112512,0.5212164710971479,-0.4881123665325985,-0.24079972829921562,0.5930649604056542,-0.6082090279858028,-1.2405777310308796,0.0699498519727864,0.09902999332445762,1.3495717719314912,-0.5859441418312324,0.0,1,0,0,0,0,0,0,0,0,0,0,0,Tidak Likuid,0
TIRT,-3.5172664825753994,-0.4673598317735624,-0.2611785808537514,-1.505503807760551,-1.0451682970829235,-3.185741378482777,-1.122153201878401,1.367805512589926,1.0787559732770564,-1.0474078015593933,-2.213042682904958,-0.14769779793175436,2.280925992166303,1.0764176667652168,0.9292095154273701,0.0,1,0,0,0,0,0,0,0,0,0,0,0,Tidak Likuid,0
INOV,-0.25614435078543124,-0.43272057634978117,0.1561539280507557,-0.8739172086891845,-0.6054339017668449,-0.1484740777296972,-0.5134749643805514,0.2416577075082417,-0.5200219586383713,0.9760085260465021,0.6321770395703741,-0.5240975654741644,-0.3417570771486425,-0.36739688911366414,-0.7328794052020223,0.0,0,1,0,0,0,0,0,0,0,0,0,0,Tidak Likuid,0
BUMI,1.4358619546647464,1.6312043602055757,-0.8914447955383876,1.788296393392611,-0.4663697986750813,1.54977045184518,1.533764924378258,-0.650330153217264,0.4745875700558707,0.6754128597574696,-0.9202651014085628,2.4503093047320093,-0.3417570771486425,-0.87468308442246,1.7250313611840364,0.0,0,0,0,1,0,0,0,0,0,0,0,0,Likuid,2
SBAT,-3.5172664825753994,-5.365806350172516,-0.2611785808537514,-1.8299314915543101,-2.020081001525476,-3.185741378482777,-1.122153201878401,-0.5093340294860225,-2.390142587806191,-1.948357512943425,2.163049600528397,-1.2532103459746864,4.859530354433939,3.1640954705360307,-0.7963498591580754,0.0,0,1,0,0,0,0,0,0,0,0,0,0,Tidak Likuid,0
GTBO,-0.052018630116280815,-0.058428762627450746,0.5299926099365199,-0.3187458074650479,-0.10345553508875682,-0.09964967052508929,-0.5663337555309784,-0.3507684175453738,0.8213395866887219,0.8377520414067144,-1.1739233624545107,0.4089147566245861,-0.3417570771486425,-0.5429959567205551,0.11641571678135587,0.0,0,0,0,1,0,0,0,0,0,0,0,0,Tidak Likuid,0
BPFI,-0.368854559080013,-0.17579848807230766,2.017738791301117,-0.09831009524670604,0.13356156342382883,-0.596969301615604,-1.0269503236758966,0.5030168374353352,-0.37511639388671836,0.31018844037348225,0.5393007818028704,-0.887228714323121,-0.31971772362498746,-0.4844629341849247,0.12525043198402996,0.0,0,0,0,0,1,0,0,0,0,0,0,0,Tidak Likuid,0
PADI,-0.3369518256407904,-0.21128554569973043,1.6375136061605287,-1.0132406184533906,-1.8458183567183635,0.21395251846852645,-0.6594936419048343,1.4931836103179172,1.4053196587133143,0.3851483777384109,-0.41167710933648666,-0.47814364523875663,-0.3417570771486425,0.5496204639445441,-0.09608243309348877,0.0,0,0,0,0,1,0,0,0,0,0,0,0,Likuid,2
TBLA,0.5379928438698223,0.42855009940453975,-0.7394443027511383,0.6320909862368711,0.5639188779667366,0.36541194869449733,-0.07213705454866996,-0.6404432707170076,-0.8800449809951854,-0.514534374072944,0.7509063459452929,0.753030600416476,-0.3417570771486425,-0.42592991164929445,0.9145624875913579,0.0,0,0,1,0,0,0,0,0,0,0,0,0,Menengah,1
FUTR,0.5512973953856574,0.5137869577237575,-0.5204547032698276,-0.30699529567621103,-0.6528349604337967,0.9193515295270517,1.4577550930467564,-0.5344565328572591,1.742320328394436,1.1083841570135398,-1.6957139439719455,1.7813950973123347,-0.05524548134112741,-0.6795730093036925,-1.0416294522849474,0.0,0,1,0,0,0,0,0,0,0,0,0,0,Likuid,2
WSBP,-0.04641141607282349,-0.3634549346775707,-0.6646808855260193,-0.07507288151470688,-1.6348325096340788,0.5805172295086758,-0.6964756067006228,-0.21179404654677114,0.43503981368154754,-0.4579423134609109,-1.0278510228084243,0.43126992375799983,-0.3417570771486425,1.4276158019789986,-0.49503957224582307,0.0,1,0,0,0,0,0,0,0,0,0,0,0,Menengah,1
PNGO,-0.3897538693079524,-0.46865768414604514,0.7960418028322026,0.1380094913884422,1.1760917559112807,-1.0524090323458888,-1.0686522533385214,0.46506074832344435,0.14183314493455015,0.38628392005845236,0.14971146664056129,-0.12242409816789242,-0.31971772362498746,-0.87468308442246,-0.8300612724314369,0.0,0,0,1,0,0,0,0,0,0,0,0,0,Tidak Likuid,0
ISAP,0.026387614722122147,-0.2568337023519859,-0.6482654178473555,-1.508713058637534,-1.8458183567183635,0.7574152814411829,1.3125556786826915,-0.14327387626209884,1.719868384524829,2.4735208486308733,-0.2567167055020262,-1.0106021094478095,-0.3417570771486425,0.881307591646449,-1.0230300518582653,0.0,0,1,0,0,0,0,0,0,0,0,0,0,Menengah,1
CLEO,0.8789268955305617,0.8716034771211811,-0.8396975164964676,0.9640339751109415,0.5662767918876322,0.8188077193940714,0.6799182360810236,-0.6485396138233426,-0.09392453225785823,0.21596880822394643,-0.08595867013671235,1.2064695406937058,-0.3417570771486425,-0.9332161069580904,-0.5478153709565338,0.0,0,0,1,0,0,0,0,0,0,0,0,0,Menengah,1
CCSI,0.013610189278460244,-0.11979097398340897,-0.09503173851875835,-0.5056541109422223,0.10400705216674122,-0.09077396933824376,-0.19858600973559737,-0.27487600023789854,0.7968411312526366,1.5933425569250896,0.18285283509962044,0.8830565632484764,-0.3417570771486425,-0.9137050994462137,-0.7277645700846846,0.0,0,0,0,0,0,0,1,0,0,0,0,0,Tidak Likuid,0
BBCA,1.538056917975664,1.7850916696138652,-1.0069002973169048,2.658369671141734,2.2050056400893747,1.3465109826957953,0.5402768970181374,-0.6505606969702578,-1.0721294677001298,-1.073353678350649,0.559342772787425,1.000573905080538,-0.3417570771486425,-1.0893041670531045,0.8896857895206703,0.0,0,0,0,0,1,0,0,0,0,0,0,0,Likuid,2
TAPG,1.0211279279868362,1.056056925371001,-0.8811081071078072,1.3393219840301362,0.735577172256114,0.9253046118454814,0.6261711787641966,-0.6494883614297916,-0.5028075463398421,-0.23513030865750092,0.7301754000662664,0.24578237928177413,-0.3417570771486425,-0.8941940919343369,-0.8821395936261471,0.0,0,0,1,0,0,0,0,0,0,0,0,0,Likuid,2
ERAL,0.6257463717080615,0.6145320272839978,-0.5311625383798559,0.14685626349733202,0.04242456620624781,0.7090873903898192,0.9717269888400245,-0.639459234279048,-0.1731097204733473,0.45168030583417723,0.5205415624956248,1.1011650561098214,-0.3417570771486425,-0.8356610693987067,-1.079293238148979,0.0,0,1,0,0,0,0,0,0,0,0,0,0,Menengah,1
CNKO,0.2926108774481687,0.26904827265006986,-0.09676991588879312,-0.6442158397431994,-1.270915352902416,0.9654278338784603,1.3402538629083212,-0.24592003730849873,2.3386621899904116,0.8839301698209376,-0.20733371966467046,0.30616573781170503,-0.3417570771486425,0.10086729117137831,0.7646048216512321,0.0,0,0,0,1,0,0,0,0,0,0,0,0,Menengah,1
NFCX,0.11350678971438335,-0.06692433563016499,-0.41546360623008627,-0.019381010326847345,1.0732395659588274,-0.38962925389542963,-0.5017135010585568,-0.4302952981905808,0.3791237395187188,0.7230842397344078,-0.7052979675501913,0.6097355092193989,-0.3417570771486425,-0.6600620017918156,-0.6484846257659516,0.0,0,0,0,0,0,0,0,0,0,1,0,0,Tidak Likuid,0
ULTJ,0.7065785084194451,0.6165620515380887,-0.8828788698477557,1.385248949673155,1.1212233078160447,0.3620284853089863,-0.4240849497803327,-0.6452660182820882,-1.0406134766831827,-0.8256334896919376,0.3337098460986048,-0.22873811853810672,-0.3417570771486425,-0.5234849492086783,1.7315411513333754,0.0,0,0,1,0,0,0,0,0,0,0,0,0,Menengah,1
SATU,0.6009598098003218,0.5141386773837664,-0.7465637977236407,-0.6006794919355803,-0.09779430396258594,0.7431514058076856,2.1070647918111405,-0.6297785928209748,-0.33676258863358216,-0.37660131238280714,0.3974179222820224,-0.5021891622954634,-0.3417570771486425,-0.5429959567205551,-0.6754537563846408,0.0,0,0,0,0,0,0,0,0,1,0,0,0,Menengah,1
NRCA,0.13779386309494246,0.321719897792369,1.039095485578397,-0.084767923771102,0.1921689137492887,0.019391955520057177,-0.35012121741692637,-0.5765246888973101,0.3698805837975685,-0.6219836008034075,0.2197623740638099,0.7672445323697118,-0.16544224895940243,-0.2503308440424036,-0.22046592344692637,0.0,0,0,0,0,0,0,0,1,0,0,0,0,Likuid,2
INDY,1.053984504718417,1.1034520075546255,-0.8765527674180672,0.9575826754274994,1.0629619641118768,0.8345581095513668,1.3518732566574527,-0.6493041271333739,0.11138797337589086,0.06482897093512628,-0.5714987548898626,1.9763127758011394,-0.3417570771486425,-1.1673481971006114,0.2077852713774324,0.0,0,0,0,1,0,0,0,0,0,0,0,0,Likuid,2
LIVE,0.4240637389299465,0.47263147580899106,-0.018356773746165154,-0.08234849621032725,-0.17267312667935658,0.5399311776091952,0.5642582784569053,-0.6015819855055041,1.1056481462572212,0.6988375440291911,-1.272809050458524,-1.523211564181783,-0.3417570771486425,-0.5234849492086783,-1.1230018291516823,0.0,0,1,0,0,0,0,0,0,0,0,0,0,Menengah,1
BBMD,-0.6850541942091657,-0.6840581342004491,1.6985372904990923,0.9947137176305073,1.2624994627765365,-1.4689558762265453,-1.1201608936150484,1.197117687244634,-0.8831508164618367,-0.6713994545205749,0.9579235241305453,-0.721574438912798,0.4516596497029378,0.17891132121888542,-0.2230233410055952,0.0,0,0,0,0,1,0,0,0,0,0,0,0,Tidak Likuid,0
KLBF,1.2734299100369892,1.3489690454221304,-1.0466575852551039,2.022286031139136,1.0783137062121493,1.1138166863920715,0.5547136780628589,-0.6502754795936352,-0.4822256403126535,-0.4060513301148038,-0.15992605326080916,0.46725270728126567,-0.3417570771486425,-1.1673481971006114,1.6401715967372992,0.0,0,0,0,0,0,1,0,0,0,0,0,0,Likuid,2
ANTM,1.4706327752954684,1.7850916696138652,-0.5408621141560399,1.7209865169284058,1.1020948689950527,1.3569745990693094,1.798536494666783,-0.6504819167737075,-0.08893459794012872,-0.18288764725058512,1.0724507020358118,1.1369815440430797,-0.3417570771486425,-1.147837189588735,1.102648924406182,0.0,1,0,0,0,0,0,0,0,0,0,0,0,Likuid,2
NICE,0.7335720620200956,0.6469680565521178,-0.9040420262632866,0.36488497276678056,0.22114125550321231,0.7560909399997808,0.9942212378942096,-0.6172879208643753,0.34505903806019345,0.5266225974610294,-0.7867607534896426,0.6435940106811764,-0.3417570771486425,-0.9527271144699672,-1.1150970839703422,0.0,1,0,0,0,0,0,0,0,0,0,0,0,Menengah,1
JSMR,1.0685033138837983,1.1001032628731358,-0.9447389227371598,1.6344808662341874,1.717707136096684,0.5874824893640507,0.37921986222177606,-0.649805224960171,-0.8398585826629216,-0.7017523846634983,0.20209612655049555,0.586340181391171,-0.3417570771486425,-1.050282152029351,0.2570736825081404,0.0,0,0,0,0,0,0,0,1,0,0,0,0,Likuid,2
DPUM,-0.3430145015782933,-0.1727682389828214,1.8599987033558314,-0.7651558906471153,-0.969351058498508,-0.12097038053224073,-0.7712614839661662,-0.3132616176248301,0.895609379195489,-0.24621856630085454,0.04628754093211863,-0.8117733583603662,-0.3417570771486425,1.5641928545621362,-0.4283142232151005,0.0,0,0,1,0,0,0,0,0,0,0,0,0,Menengah,1
ZYRX,-0.27071566310351836,-0.06594385181810966,1.888321547291321,-0.836150901125946,-0.3752163657200538,-0.26761155774702533,-0.5851203193069936,-0.2136413116902345,0.11715973330590596,0.5507755961932671,0.36768073322684136,-1.0263447948059046,-0.3417570771486425,-0.1917978215067732,-0.8791171910568114,0.0,0,0,0,0,0,0,0,0,0,1,0,0,Tidak Likuid,0
TPMA,0.7405046309565257,0.6583038708113794,-0.8992147773809573,0.3614797480211566,0.5495753351573422,0.6450524406864052,1.072102037910395,-0.6471776640171559,-0.7249091971871356,-0.5666717138244733,0.2967968842209716,0.5548408828159439,-0.3417570771486425,-0.11375379145926608,-0.19093937526956828,0.0,0,0,0,1,0,0,0,0,0,0,0,0,Menengah,1
BEST,0.46735690390968454,0.32584229699415,-0.7524450010987762,-0.03176936581599435,-0.5554470127073183,0.764574073902846,0.6799025532647951,-0.6315752739564241,-0.6499572771601978,-0.2746685573817477,-0.16574804738058158,1.1601524167327326,-0.3417570771486425,-0.42592991164929445,-0.1174717435841734,0.0,0,0,0,0,0,0,0,0,1,0,0,0,Menengah,1
UNTR,1.3852133692733806,1.5142070536212369,-1.021773854943659,2.1583719012741844,2.356906469459867,0.5579262910531457,0.765961293255762,-0.6504982145690243,-0.8120562423113362,-0.9340414300208293,0.532891246992112,0.8781660182331,-0.3417570771486425,-1.1673481971006114,1.7980340078587644,0.0,0,0,0,0,0,0,1,0,0,0,0,0,Likuid,2
TLDN,0.05108997975407327,-0.13501809806351223,-0.3474641508368805,0.903642828008054,0.4441455236845907,-0.17460790164555257,-1.0153354711438811,-0.5916572775862069,-0.8921644889757626,-0.31612808532691383,1.4168178145416903,-0.5980283724055394,-0.3417570771486425,0.5105984489207904,-0.9669993580728851,0.0,0,0,1,0,0,0,0,0,0,0,0,0,Menengah,1
INTD,-0.22052452206077972,-0.11376662850183822,1.3342779022280349,-1.0515794401871743,-0.15693854536809987,-0.28785541970745576,-0.24538677651437138,1.1321197939253775,1.5499254605618467,1.5715204043517768,0.2984677716391533,-1.6208123860926207,-0.16544224895940243,-0.621039986768062,1.7771096823787467,0.0,1,0,0,0,0,0,0,0,0,0,0,0,Tidak Likuid,0
ARTI,-3.5172664825753994,-5.365806350172516,-0.2611785808537514,-1.8299314915543101,-2.020081001525476,-3.185741378482777,-1.122153201878401,-0.5093340294860225,-2.390142587806191,-1.948357512943425,2.163049600528397,-1.2532103459746864,4.859530354433939,3.1640954705360307,0.6423137638457964,0.0,0,0,0,1,0,0,0,0,0,0,0,0,Tidak Likuid,0
RDTX,-0.4707480690685388,-0.6910627016895113,0.3252192169471858,0.5958143532043695,2.356906469459867,-1.6409508093437788,-1.1072666943509717,0.2300185910806286,-0.7101097376491987,-1.1513576806843768,0.8048978220225144,-1.1763926121108645,0.7381712455104529,0.3545103888257764,1.7429332840947183,0.0,0,0,0,0,0,0,0,0,1,0,0,0,Tidak Likuid,0
JSPT,-0.011452427329055536,0.0258976204958147,0.6498755224612227,1.2007739133039268,1.8605361026532956,-0.8224325448266051,-1.0764447440145877,0.5917265763155378,2.3386621899904116,1.261886703952785,-2.4334490040561834,1.3619717953433224,0.9365254272233481,0.061845276147624625,1.0919542691608395,0.0,0,1,0,0,0,0,0,0,0,0,0,0,Tidak Likuid,0
TCPI,1.3170426907470116,1.3678382349645237,-1.1022716139178281,1.6606615387782575,1.9764895116170018,0.8018270093994025,1.2823135374984533,-0.6503090263496084,-0.60940158161443,-0.3881110189609664,0.13912609264535714,0.6790540132690511,-0.3417570771486425,-1.1088151745649815,-0.6470896707339504,0.0,0,0,0,1,0,0,0,0,0,0,0,0,Likuid,2
PNSE,-0.47121688388728616,-0.3864374560479733,1.6950085319786101,-0.501125688991246,0.3563098640030815,-0.8289594824442018,-0.9989184737235487,0.8153339772880112,1.900917167639787,1.540241923732857,-2.094981441316136,-0.3970470739435789,0.6279744778921779,0.41304341136140654,1.7459556866640542,0.0,0,1,0,0,0,0,0,0,0,0,0,0,Tidak Likuid,0
ARII,-0.19594205945066795,-0.4201488081660059,-0.12565750131711367,-0.08047778416158893,0.005561645944044211,-0.32948382449223557,-0.9189394457942518,0.043358704117800836,0.030797299024594715,0.9515697074090181,-0.3986278121714795,0.03349368259862318,-0.3417570771486425,-0.4844629341849247,-0.08166789776281005,0.0,0,0,0,1,0,0,0,0,0,0,0,0,Tidak Likuid,0
SIDO,1.0106573786701532,1.0253019265023966,-0.9279030657084462,1.3540102857172756,0.5043868186478248,1.0133382996357863,0.5844181596485283,-0.6497095930338878,-0.9221248982785263,-0.6843647738309272,0.27426797078725407,0.04804358618350847,-0.3417570771486425,-0.38690789662554087,-0.2609196193749602,0.0,0,0,0,0,0,1,0,0,0,0,0,0,Likuid,2
PTBA,1.1969814403323777,1.325569303239041,-0.8089368875673847,1.634993582598416,1.4385489741342854,0.8719809765214123,0.8659311134644011,-0.6503503006700337,-0.8641636537266159,-0.8861960802555867,0.6834472732741255,0.4925262531647056,-0.3417570771486425,-0.9917491294937207,0.6720728045284879,0.0,0,0,0,1,0,0,0,0,0,0,0,0,Likuid,2
SMMT,-0.18171288748274067,-0.35706747756191975,0.0429701692923897,0.4099472624950104,0.6757755220986351,-0.5864247482189751,-1.037282317686137,-0.11317479200665653,-0.3851122428547213,-0.8440598652408493,1.1603728354564755,-0.2600287759123723,-0.2756390165776775,0.21793333624263886,1.1017189543848478,0.0,0,0,0,1,0,0,0,0,0,0,0,0,Tidak Likuid,0
IPPE,-3.5172664825753994,-1.279656154623477,-0.2611785808537514,-1.3286060512746778,-1.7106497482184944,-3.185741378482777,-1.122153201878401,0.27348992061859423,-0.9903806166568173,-1.668858651954234,1.7021417327130783,-0.7670217646264638,4.286507162818909,2.92996338039351,-0.9381702874115276,0.0,0,0,1,0,0,0,0,0,0,0,0,0,Tidak Likuid,0
HRTA,0.9959109099187546,1.0286926506450869,-0.8580156737548732,0.3492392405364313,0.36947880267570704,1.0401360089790592,2.0962757443470843,-0.6486536226099886,0.28542073960541575,0.48223645870896364,0.1845182655162972,0.637899284890269,-0.3417570771486425,-0.8941940919343369,-0.5587425187072097,0.0,0,1,0,0,0,0,0,0,0,0,0,0,Likuid,2
GDST,-0.005843046742940277,-0.059078537843703316,0.25595285853202276,-0.03351627244623261,-0.5319198877117421,0.16554651805934828,-0.6570820575948012,-0.08736525215830576,-0.12488401962217893,-0.11199865145895843,-0.1769441899186056,0.3720334946047272,-0.3417570771486425,-0.46495192667304797,0.07758946839065663,0.0,1,0,0,0,0,0,0,0,0,0,0,0,Tidak Likuid,0
PALM,0.12891353094516855,-0.08593698569855375,-0.5557398684057484,0.8533977994659129,0.26137830965292297,-0.002535272860928169,-0.9536740541914681,-0.559781392771602,-0.40975330160639245,-0.14962795715616858,0.4204390318019866,0.03826044604573146,-0.3417570771486425,-0.38690789662554087,-0.15955288704954199,0.0,0,0,0,0,1,0,0,0,0,0,0,0,Tidak Likuid,0
SUPR,-3.5172664825753994,-2.1664328664128316,-0.2611785808537514,1.8588904467085985,2.356906469459867,-3.185741378482777,-1.122153201878401,-0.6328388840705069,-2.386854699088657,-1.948357512943425,2.1598980937399164,-1.251756984309955,4.727294233292009,3.144584463024154,-0.07515810761347134,0.0,0,0,0,0,0,0,0,1,0,0,0,0,Tidak Likuid,0
INDS,-0.1319641771404364,-0.4599992790545659,-0.5895419546254095,0.21490437485442385,-0.013746676242856005,-0.2357906847518497,-0.9628248368449096,-0.228736303386734,-0.542856247446339,-0.003985081735343896,0.21632031672948504,-0.5080384285879233,-0.3417570771486425,-0.21130882901864992,1.7224739436253675,0.0,0,1,0,0,0,0,0,0,0,0,0,0,Tidak Likuid,0
PART,0.5566133931120585,0.4839964649461961,-0.6449809539167402,-0.643166425564903,-0.5614743989688292,0.8680999660910504,1.9651030697314236,-0.6224455030739404,0.8505916248060376,1.4644941237482276,-1.1812121380385663,1.5335584822080082,-0.3417570771486425,-0.8356610693987067,-1.1564807499197105,0.0,0,1,0,0,0,0,0,0,0,0,0,0,Menengah,1
HOKI,0.47613282096140325,0.37040001523748983,-0.6492329535990496,-0.013777701262498126,-0.534811288530537,0.7524772791667347,0.6426401779943766,-0.6321789911067845,-0.1433573152147328,0.24043094241892393,-0.5825023027168109,1.0315284560233113,-0.3417570771486425,-0.5429959567205551,-0.5589750112125432,0.0,0,0,1,0,0,0,0,0,0,0,0,0,Menengah,1
ISAT,1.2209217358105802,1.303707851886342,-0.9702468819351603,2.044533474821148,1.3328180408028096,0.9566316625575305,0.37519075703781823,-0.6501579922527616,0.004513630483968354,-0.06028140128835332,-0.9639409208576095,1.873758199287893,-0.3417570771486425,-1.0307711445174743,1.3665279179597365,0.0,0,0,0,0,0,0,0,1,0,0,0,0,Likuid,2
DFAM,-0.7326527431145088,-0.6487079969643074,2.1845221220353883,-1.142380998737738,-0.969351058498508,-0.6060474485798828,-0.9955109011151803,-0.4904702618740259,-1.6533278696540212,-1.233450114414911,1.7533537180258914,-1.1988956788364802,-0.03320612781747239,2.4421881925965905,-0.6308151953606034,0.0,0,1,0,0,0,0,0,0,0,0,0,0,Menengah,1
FPNI,0.08736502011937627,-0.09740398353774044,-0.3941499972778864,0.014788617968966586,-0.16633016483299715,0.10765003019420133,-0.5526506652908507,-0.5500961545380164,-0.7456823819801037,-0.15376419372980407,0.9311685720038179,-0.5745796592807669,-0.3417570771486425,-0.32837487408991056,0.7364732285058753,0.0,1,0,0,0,0,0,0,0,0,0,0,0,Menengah,1
HAJJ,0.3799498935983802,0.3435904742406751,-0.2753249151912831,-0.6099581155962008,-0.41669055173563435,0.550614137647588,1.10689617423623,-0.4665121336918232,0.1349596490139202,1.2437953369263426,-1.108747094949358,-0.07907070429006413,-0.3417570771486425,-0.9527271144699672,-1.0502316749822882,0.0,0,1,0,0,0,0,0,0,0,0,0,0,Menengah,1
TRUE,-0.46322232545529435,-0.9113960054567009,-0.5532062850221884,-0.9968483484161522,-1.6002089535541344,0.012519565407058876,-0.7874682093828729,0.9136765675615239,0.25130410408390125,-0.6689175275219351,-0.4917797180878386,-0.12967678385697312,-0.3417570771486425,1.408104794467122,-0.8958566514408254,0.0,0,0,0,0,0,0,0,0,1,0,0,0,Menengah,1
BOBA,-0.1859837863030939,-0.25073574096774753,0.5069129805147379,-0.7899762381373421,-0.23120457357492977,-0.21164943320636956,-0.4270633618267777,-0.1173712433977679,0.20373754691615575,0.6147556159114574,0.09497603711357565,-0.03341434064009315,-0.3417570771486425,-0.5429959567205551,-0.9293355722088534,0.0,0,0,1,0,0,0,0,0,0,0,0,0,Tidak Likuid,0
GLVA,-0.5941486799510108,-0.963674103783491,-0.07910058860015125,-0.34714264746616497,0.1690391870705899,-0.8957611024843163,-1.0697718370978544,0.9966400317614046,-0.6988827571192155,0.17768875873081388,1.0994160594161229,-0.5717791858489928,-0.3417570771486425,-0.36739688911366414,-0.771473161087388,0.0,0,0,0,0,0,0,0,0,0,1,0,0,Tidak Likuid,0
DEWA,1.22264447219941,1.3667761993364023,-0.79244108349586,0.42067064255212994,-0.4794534027949962,1.54977045184518,2.849336942805833,-0.6496631111323128,0.7294140415749931,1.1491449078449931,-0.08745226439053834,2.952368196853509,-0.3417570771486425,-0.9137050994462137,0.26800083025881616,0.0,0,0,0,1,0,0,0,0,0,0,0,0,Likuid,2
SKRN,-0.09812107650642564,-0.18941781560114715,0.2494236217739271,0.436739730404026,0.18514567772363963,-0.2766559435501012,-1.0009728054903362,-0.36710949808687193,-0.29715697965030674,-0.31218770774448407,0.21363599567016378,-0.7886148367912473,-0.3417570771486425,-0.5820179717443087,-0.6696414437513025,0.0,0,0,0,0,0,0,1,0,0,0,0,0,Tidak Likuid,0
TELE,-3.5172664825753994,-0.7794240833297983,-0.2611785808537514,-1.3183140228056107,-1.9562591513827234,-3.185741378482777,-1.122153201878401,0.6018072233682131,1.7274345892105494,-0.6264564168507152,-0.7479474593578261,-0.3223714547521637,2.611516295021129,1.8763689747521641,-0.09677991060948941,0.0,0,1,0,0,0,0,0,0,0,0,0,0,Tidak Likuid,0
IPCC,0.5958553228811951,0.480077693909369,-0.8293454803554487,0.12440749188487792,0.6476335586749966,0.40208316591484766,0.8329053665251562,-0.6442931099071163,-0.8621158140212678,-0.616119451352826,1.1991592877527928,0.1462203827662001,-0.3417570771486425,-0.3478858816017874,-0.647787148249951,0.0,0,0,0,0,0,0,0,1,0,0,0,0,Menengah,1
MKPI,0.2975457800515972,0.044496165231904916,-0.8868096391153755,1.5007175550003762,2.356906469459867,-0.8385914998604186,-1.0210008297463073,-0.6277599301195014,-1.0309139427279035,-0.9232362919255904,0.9544467471460056,-0.8425995265780762,-0.3417570771486425,-0.7966390543749531,0.11618322427602241,0.0,0,0,0,0,0,0,0,0,1,0,0,0,Tidak Likuid,0
CHIP,0.11158091634217097,-0.2205373101378168,-0.9029986409561936,0.05179116105100835,1.0482739176838316,-0.34367976375211623,-0.5038236456220523,-0.6134239063969722,-1.366811054511677,-0.9481213926229576,0.576191314679556,-1.0586299896120877,-0.3417570771486425,-0.38690789662554087,-1.0372120946836103,0.0,0,0,0,0,0,0,0,0,0,1,0,0,Tidak Likuid,0
VKTR,0.6670569726243187,0.6586349237489564,-0.5769600782414387,0.7799149653335966,-0.44600662672850705,1.002957936252404,0.295225013114718,-0.6404039574828363,0.38683786547608773,0.7687345404659863,-1.27689692511764,2.114245903206758,-0.3417570771486425,-0.5625069642324318,-1.0676686128823025,0.0,0,1,0,0,0,0,0,0,0,0,0,0,Likuid,2
MTWI,-0.0016691939830330235,0.022086081438565365,0.5741627106268702,-0.3844626136309327,-0.2805687607866584,0.04307027271297082,-0.3810794316070497,-0.14788807906642304,-0.12734705283944966,0.443982353869528,0.14383417962319137,0.42503703328195475,-0.3417570771486425,-0.36739688911366414,-0.5850141718098983,0.0,0,0,0,0,1,0,0,0,0,0,0,0,Tidak Likuid,0
NZIA,0.08438086793066303,0.1230834424509586,0.49228738677362155,-0.9114311397100078,-0.7689369862243278,0.35954930900093673,0.5722566306661893,-0.46736067290454586,1.2752883357804596,2.292281495716154,-0.5185961758516391,-0.4244572811739949,-0.3417570771486425,-0.13326479897114304,-0.750781328112704,0.0,0,0,0,0,0,0,0,0,1,0,0,0,Menengah,1
BAPI,-0.1892567534170949,-0.4606092553606182,-0.3119771603492499,-1.3962546844894665,-1.8985252652625624,0.5040423744284676,0.3283668111350046,0.8640209994027405,1.960742142011676,0.388449678084878,-2.4995544730866976,1.1867091800508152,-0.03320612781747239,0.6276644939920509,-0.7486888955647021,0.0,0,0,0,0,0,0,0,0,1,0,0,0,Tidak Likuid,0
VTNY,0.69751971172004,0.5821065376679528,-0.9457669525990096,-0.08081442580622607,-0.3576572429046299,0.9498620321766903,1.5684623959885813,-0.6375401305880717,0.4690598252203015,0.6720067913799991,-1.3767228242932505,0.6080418096671006,-0.3417570771486425,-0.7771280468630763,-1.0244250068902665,0.0,0,0,0,0,1,0,0,0,0,0,0,0,Menengah,1
LEAD,0.4519134117662748,0.37294537676855893,-0.5278771424907462,-0.33683163067612487,-0.6320644460202738,0.7693389615345744,1.070026072984657,-0.6204667553439065,0.6548756422855534,1.0540330098370079,-1.0134775965771778,1.6106603031796918,-0.3417570771486425,-0.6015289792561854,-0.25929217183762543,0.0,0,0,0,1,0,0,0,0,0,0,0,0,Menengah,1
SRTG,1.1412313875852094,1.2652050574809828,-0.7552401581991155,1.5294602455551694,1.2062847490192197,0.8919027711127006,0.8047086346022496,-0.6494372299333958,0.4096216862585764,0.23652747096247204,-0.9306701165341377,2.6582838094842214,-0.3417570771486425,-1.1283261820768582,-0.22023343094159276,0.0,0,0,0,0,1,0,0,0,0,0,0,0,Likuid,2
DGNS,0.27221528810609047,0.39910962617921436,0.5520608947673529,-0.6983186541829215,-0.16318341842444395,0.3490725231009553,0.9525573109476867,-0.5658622028925457,0.3607325975342178,0.9784643271063045,-1.2187924657309899,0.28569223172013086,-0.3417570771486425,-0.7185950243274459,-0.8619127456621304,0.0,0,0,0,0,0,1,0,0,0,0,0,0,Tidak Likuid,0
KICI,-0.0972310356922188,-0.0410665144371952,0.8824118530407098,-1.6593360509475654,-0.46121447120534154,-0.009352230631127126,1.003484003270774,-0.21834267567152144,0.5044918868100853,0.9765852925094014,0.154808176475937,-0.6098701846000633,-0.3417570771486425,-0.6015289792561854,1.4492952498584724,0.0,0,1,0,0,0,0,0,0,0,0,0,0,Tidak Likuid,0
ASLI,-0.18234711943339654,-0.02614975061923107,1.4940117990879593,-0.571848902485913,-0.969351058498508,0.09816362064034162,-0.6131915226074194,-0.6502083266395673,-1.9804566819727245,-1.8252154691574798,1.950322892305942,-1.1916135755822554,-0.29767837010133247,2.9494743879053864,-1.1141671139490081,0.0,0,0,0,0,0,0,0,1,0,0,0,0,Menengah,1
EKAD,-0.08099366079532881,-0.413104055409893,-0.6692058796110125,-0.1606415469448761,-0.10630611597954609,-0.1307317724862318,-0.729952617914495,-0.43769551114959276,-1.2968149046920834,-0.80684764019515,0.7222283666855518,-0.018099501437084758,-0.3417570771486425,0.10086729117137831,1.7215439736040337,0.0,1,0,0,0,0,0,0,0,0,0,0,0,Tidak Likuid,0
MKTR,-0.039718645383162825,-0.29162255924378044,-0.453859440263835,0.16222669824311467,-0.44600662672850705,0.07489145326305738,-0.8420420719995311,-0.2762787679015451,-1.1516235347660855,-0.6399767993338767,1.2412338648977597,-0.7172133857036842,-0.3417570771486425,0.12037829868325503,-1.015822784192926,0.0,0,0,1,0,0,0,0,0,0,0,0,0,Tidak Likuid,0
PBRX,-3.5172664825753994,-0.3519189997345562,-0.2611785808537514,-0.35236341194851817,-1.4259463087470219,-3.185741378482777,-1.122153201878401,-0.4802400750347105,-0.4305020824498788,-1.2687751479355873,0.7291140117696278,-0.7262574072016026,2.325004699213613,2.1885450949421927,1.7210789885933668,0.0,0,1,0,0,0,0,0,0,0,0,0,0,Tidak Likuid,0
JIHD,0.5400994193588641,0.8623963602552649,0.9459541977373928,0.1968384194905161,0.5893644691232458,0.36856695929602984,0.5568101936750334,1.0010959847695509,2.0040705634666325,1.954248890971731,-2.3511362813098713,2.2575663042162004,-0.16544224895940243,-0.7771280468630763,2.269761301180493,0.0,0,1,0,0,0,0,0,0,0,0,0,0,Menengah,1
ADMF,0.4310197275833597,0.2328458498090923,-0.8806157305967748,1.0758910556925367,2.2120440186023025,-0.4334232879376978,-0.7196279536330495,-0.6407345276003693,-1.5489556602632168,-1.2133948113467787,0.6698275665694812,-0.5095223190507072,-0.3417570771486425,-0.6795730093036925,0.5641962820537311,0.0,0,0,0,0,1,0,0,0,0,0,0,0,Menengah,1
HATM,0.9495030339019743,0.8936774349471649,-1.055465693190324,0.2832758207848738,0.03341700511529723,1.1271654730013567,2.0420248178742844,-0.6490859213378847,-0.531807364054278,-0.27644495392170776,0.648218646434738,-0.5345659954954216,-0.3417570771486425,-0.4064189041374177,-0.9914110711329054,0.0,0,0,0,0,0,0,0,0,0,0,0,1,Likuid,2
ERTX,0.14553939544287117,0.09562522123550121,0.02741895678841874,-0.9828905315596616,-0.5377165570321985,0.3276299096816903,0.8671031493301155,-0.5327170721066119,0.5326311687417008,1.4003616152292775,-0.8449806946873673,0.1942983478391856,-0.3417570771486425,-0.38690789662554087,1.7199165260666993,0.0,0,1,0,0,0,0,0,0,0,0,0,0,Tidak Likuid,0
AREA,0.5423751879860108,0.3748306297179275,-0.91951757037046,-0.2721714182632758,-0.05431395362023941,0.6505447545920128,1.3350167110095885,-0.6194540850491296,0.6784603650423402,0.899408884620437,0.19650936451637044,1.1590740554203145,-0.1434028954357474,-0.8356610693987067,-1.1343939619130252,0.0,0,0,0,0,0,0,0,0,0,1,0,0,Tidak Likuid,0
APEX,0.26770368961091423,0.48582153107100917,0.9616758359462783,-0.40432117283153457,-0.421479093047382,0.4410875839268144,0.46664858283138,-0.5894614458627614,0.46785372696274313,0.5722627349277187,-0.7976056444970618,0.14745254134519545,-0.31971772362498746,-0.7576170393511995,-0.21535108832958866,0.0,0,0,0,1,0,0,0,0,0,0,0,0,Menengah,1
BEBS,-0.14158587287638427,-0.42214956512008167,-0.4129615070548768,-0.7292400030936397,-2.020081001525476,0.7116281816772412,-0.40180550891303224,-0.1344904202700447,2.0900122440553304,0.7966688681163806,-0.9096695182403944,-0.8175603817537347,1.9282963357878233,2.2470781174778227,-0.8744673409501409,0.0,1,0,0,0,0,0,0,0,0,0,0,0,Tidak Likuid,0
DOSS,0.4352505990123094,0.6236756725279966,0.5395139856889524,-0.6137185518548358,-0.25083286090075124,0.5757020834080414,1.4009843942856326,-0.6024901105877868,1.5355703818767725,1.6944690421228368,-1.6141465844947027,1.1866120377336034,-0.3417570771486425,-0.8454165731546449,-1.1573897956155645,0.0,0,1,0,0,0,0,0,0,0,0,0,0,Tidak Likuid,0
CAMP,0.44211013000103383,0.5068455051982099,0.01719670075182549,0.09143188720176182,-0.10345553508875682,0.542724772576613,0.3994235149948432,-0.6310726445539521,0.11771006744053555,0.3256428016999817,-1.2253829661578473,0.140486218308871,-0.3417570771486425,-0.6795730093036925,-0.6008236621725782,0.0,0,0,1,0,0,0,0,0,0,0,0,0,Tidak Likuid,0
MIKA,1.1743656613334823,1.1909798941834924,-1.0984042349649579,1.6951638906311395,1.4005838997612616,0.8409824585605454,0.6380315711576654,-0.6500755200544028,-0.6150954232141566,-0.3902426229964222,0.18410572770666153,-0.32104352909986034,-0.3417570771486425,-1.1088151745649815,-0.36809866433371663,0.0,0,0,0,0,0,1,0,0,0,0,0,0,Likuid,2
TLKM,1.538056917975664,1.7850916696138652,-1.0431295648402608,2.658369671141734,1.4440991991598309,1.3835409865582862,0.7975264675889228,-0.6505606969702578,-0.7869445454012921,-0.6975948137004395,0.6026091703072555,0.8034537519337215,-0.3417570771486425,-1.147837189588735,1.2756233483743267,0.0,0,0,0,0,0,0,0,1,0,0,0,0,Likuid,2
SDMU,-0.6038156860771698,-0.9584866441692362,-0.006250423147334091,-1.7211958939878633,-1.3774606529748814,-0.26574355588664195,-0.5162114700541398,2.5347572231312183,0.1424574109116551,-1.1921076238047887,0.7803259970824409,-0.5722507655592105,-0.3417570771486425,1.0764176667652168,-0.05400128962812017,0.0,0,0,0,0,0,0,0,0,0,0,0,1,Menengah,1
AHAP,0.3409730721067335,0.2554691448606421,-0.39766637637212865,-0.42860415675635005,-0.645832023230977,0.655697403462277,0.8545092422214955,-0.5974248592309659,-0.24455342961453996,0.430542894298541,-1.105206189434772,1.1233224858122641,-0.3417570771486425,-0.38690789662554087,1.714336705938694,0.0,0,0,0,0,1,0,0,0,0,0,0,0,Menengah,1
FAST,-0.15901008945435838,0.1482720455582505,2.1680174098483977,0.09194495514122501,0.13163549718609288,-0.33745887799375013,-0.9495743805452769,0.25344258198185177,1.0770792830627633,1.061037931400733,-1.4925630163072638,0.18487438469223866,-0.3417570771486425,-0.87468308442246,1.4888189757651724,0.0,0,1,0,0,0,0,0,0,0,0,0,0,Menengah,1
BISI,0.2350328254618146,-0.028564165741253388,-0.8449108132139562,0.5486680206221912,0.8804899156109605,-0.14142629454917033,-0.6948226680138259,-0.5768371643056621,-0.5227961792079204,-0.4211340747248566,-0.24611299688664298,0.23986290009961386,-0.3417570771486425,-0.4844629341849247,0.2961324234041729,0.0,0,0,1,0,0,0,0,0,0,0,0,0,Tidak Likuid,0
AISA,0.34294121628128665,0.18761616321579072,-0.6392314155576629,0.06200050129161721,-0.41669055173563435,0.5478749584168644,0.11035875117282469,-0.6231125980589496,-0.6539312505521663,-0.15638956054149025,0.5769842906933298,0.23094392184958076,-0.3417570771486425,-0.23081983653052687,1.141940157807548,0.0,0,0,1,0,0,0,0,0,0,0,0,0,Menengah,1
IMPC,0.7526151057318027,0.6689100005077819,-0.9174138645949801,1.3678141132151544,0.16357376062744755,0.8383854038066058,-0.23799448813277668,-0.6468864297283413,-0.6580850480716521,-0.3475421137996602,0.8475936318446765,-0.4201324601993223,-0.3417570771486425,-0.13326479897114304,-0.34554689131636446,0.0,0,0,0,0,0,0,1,0,0,0,0,0,Likuid,2
BTPN,-0.07113121399683653,-0.32380638499944947,-0.4128278563714169,1.4935953499549282,1.3139374774473311,-0.7050717437203512,-1.1057242516477317,-0.4109381453022011,-0.6176154797817207,-0.8569319292747327,0.8858350270642606,-0.0675977127895335,-0.3417570771486425,-0.4454409191611713,0.2289420893627836,0.0,0,0,0,0,1,0,0,0,0,0,0,0,Tidak Likuid,0
BABY,0.7032979307268332,0.562921580136507,-1.0212537549346843,-0.12113920585634508,0.11797877946242437,0.749562190131529,1.6208791904615354,-0.5916367492793316,0.7191854796412397,1.1818269971978268,-0.18497161287039646,0.5961139440248228,-0.3417570771486425,-0.8941940919343369,-1.0862680133089848,0.0,0,1,0,0,0,0,0,0,0,0,0,0,Menengah,1
VERN,0.3223052265432882,0.4674755987360124,0.545501483082027,-0.27834626470164364,-0.4410210239226449,0.5257636682635356,0.49821968991679194,-0.5716897092139772,0.6055268488238171,1.1437633796891,-1.1608052154474588,1.0828149590185028,-0.3417570771486425,-0.6657398082106158,-1.1573897956155645,0.0,0,1,0,0,0,0,0,0,0,0,0,0,Tidak Likuid,0
BCIP,0.171950178065127,0.3176434015044732,0.807353001898204,-1.259735502697744,-0.9460502119222292,0.5413471241282183,1.4391396041328322,-0.5800596321346992,0.2307523827663968,0.1877697239448983,0.6400496894864742,-0.7234829500064586,-0.3417570771486425,0.6471755015039279,0.08037937845465908,0.0,0,0,0,0,0,0,0,0,1,0,0,0,Menengah,1
WICO,-3.5172664825753994,-2.333822550888672,-0.2611785808537514,-0.6003923977185449,-0.43117125695973263,-3.185741378482777,-1.122153201878401,-0.6505606969702578,-2.390142587806191,-1.948357512943425,2.163049600528397,-1.2532103459746864,4.595058112150079,3.1640954705360307,1.3832673783437501,0.0,0,0,1,0,0,0,0,0,0,0,0,0,Tidak Likuid,0
ISSP,0.35820913928559084,0.2296933237312205,-0.5702611039359475,0.33391229614036344,0.08137888452846002,0.3414744159270153,-0.22606244776037632,-0.6150477718991288,-0.8789280308550347,-0.5466103620948259,0.8243617806316751,0.1754355613109311,-0.3417570771486425,-0.621039986768062,-0.19140436028023533,0.0,1,0,0,0,0,0,0,0,0,0,0,0,Menengah,1
SCNP,-0.3737964893647143,-0.16782319954628264,2.0890923997151485,-0.45357463051138475,-0.27299682067495923,-0.4226954160954077,-0.9292219115474748,1.289666574578796,0.15761277599284107,1.1124041474008264,0.20307245389626497,-0.8173752912784282,-0.29767837010133247,-0.6795730093036925,-0.8316887199687717,0.0,0,1,0,0,0,0,0,0,0,0,0,0,Tidak Likuid,0
WEGE,0.3222027692959932,0.26435840330168914,-0.27036871367028625,-0.2568921630164718,-0.8318116159685682,0.6909834605683222,0.4755148235089096,-0.6036780421593047,0.10027635735202164,0.13040009456008217,-0.26060076056788567,0.8179729145190322,-0.3417570771486425,0.21793333624263886,-0.5964063045712412,0.0,0,0,0,0,0,0,0,1,0,0,0,0,Menengah,1
INDR,-0.024709772818683112,-0.4146681532260856,-0.9144630693308944,0.24187492711020223,1.4146662229650395,-0.6900413109026936,-0.878860266918596,-0.14233786568808832,-0.3332799664644566,-0.05640180963822844,-0.27795966589016224,-0.37652801507195693,-0.3417570771486425,-0.87468308442246,1.7241013911627026,0.0,0,1,0,0,0,0,0,0,0,0,0,0,Tidak Likuid,0
RICY,-0.2617717152156596,-0.18069545381653038,1.2909555740601495,-1.5186196139276114,-0.7906506845290351,-0.040750163302456524,0.30992598889655787,0.995766377412521,-0.01254404750274015,0.45142037932675205,-1.561838474060709,-1.1382448952426334,-0.3417570771486425,0.4325544188732833,1.0896293441075044,0.0,0,1,0,0,0,0,0,0,0,0,0,0,Tidak Likuid,0
BAIK,0.0407052039642288,0.21345284916205987,1.1628304386442752,-1.275159624586949,-0.8224199965036709,0.3026437677347849,0.8919825855578649,-0.5194929146687545,1.0383708034201715,1.8667505426308593,0.2041911623132924,0.6842243655916358,-0.3417570771486425,0.6471755015039279,-1.123699306667683,0.0,0,1,0,0,0,0,0,0,0,0,0,0,Menengah,1
RAFI,-0.23904340812729022,-0.6052784860862305,-0.5757192413104986,-1.1986883906980899,-1.3325699473471821,0.15761649670815706,-0.1756171102629982,0.021291603961563522,0.022617349521672905,-1.0118328677379245,-1.2405777310308796,-0.6493096330191696,0.18718740741907772,1.0959286742770933,-0.9937359961862408,0.0,0,1,0,0,0,0,0,0,0,0,0,0,Tidak Likuid,0
SINI,0.2198852024710729,0.02559382786985861,-0.6073247307023111,0.2009581836751446,1.5493242202591058,-0.41958352335481464,-0.4083312153874238,-0.49139233728927484,1.2872257762250086,-0.7229704297641196,-1.4172168726798824,0.7747660595489122,0.29738417503735276,-0.3478858816017874,-0.7610109983473791,0.0,0,0,0,0,0,0,1,0,0,0,0,0,Menengah,1
SWAT,-0.575326389391872,-1.013063434585735,-0.36191730282593665,-1.313791484293032,-1.4517266811817116,-0.20404588038654256,-0.7741534870844687,2.042133407780193,1.1409461914997567,-0.9212684402898325,-1.4320317684310888,0.32701273971416245,0.7822499525577629,0.3154883738020227,-0.6405798805846116,0.0,1,0,0,0,0,0,0,0,0,0,0,0,Tidak Likuid,0
INDX,0.07461313896725162,0.07708180617259687,0.3553212670136624,-1.6026628234243718,-0.6670884962116114,0.2940328048553206,1.5852364460149007,-0.46719269871874686,1.0785605584850766,1.7370268266470879,-0.5185961758516391,-0.3986562028732594,-0.3417570771486425,-0.2698418515542803,0.808080920148602,0.0,0,0,0,0,0,0,1,0,0,0,0,0,Menengah,1
JECC,-0.24147649712777092,-0.4167779774838066,0.13783842780798158,-0.37761530635849944,0.5447176722250009,-0.6126845574825608,-0.8415737799773461,0.33940324088908047,0.7856447455861305,0.3929547189559537,-0.6465740793170603,0.7252586454176478,-0.3417570771486425,-0.09424278394738936,1.529272671693206,0.0,0,0,0,0,0,0,1,0,0,0,0,0,Tidak Likuid,0
PGJO,-0.0629038944409448,-0.4830605427765121,-0.9574757553330849,-1.2462797893348705,-0.5614743989688292,0.08517071430198464,0.530848919816807,1.2365930788145945,0.1419602118497044,-0.5572678602230223,0.7907224151534631,-0.11868982978958742,0.6940925384631428,0.6861975165276814,-0.7751930411727244,0.0,0,0,0,0,0,0,0,0,0,1,0,0,Tidak Likuid,0
BUVA,0.3162620176642382,0.7483161690512508,1.8656879819718022,0.10628542005569465,-0.836562599706976,0.6731592396458249,-0.06648889162412353,-0.29213182449276626,1.7173489082766962,1.5040185734492868,-0.5326804498872484,0.4223901298483027,-0.31971772362498746,-0.17228681399489648,0.03085847481861752,0.0,0,1,0,0,0,0,0,0,0,0,0,0,Likuid,2
REAL,-0.06825895121840424,-0.14885337367029522,0.24488325318473167,-1.3144143728227478,-1.8985252652625624,0.6070242082245503,0.4956131152658562,0.29122177935237914,1.909515591165419,0.6585108650572912,-0.38967089814106054,1.1724691265319114,-0.3417570771486425,0.47157643389703696,-0.7675207884967178,0.0,0,0,0,0,0,0,0,0,1,0,0,0,Menengah,1
PPRE,0.10021692987535906,-0.030692136412777182,-0.21572640338954552,-0.2486839381622101,-0.8608930718939866,0.41189182525479884,-0.2631232199668717,-0.5133582386023645,0.21790879976996483,0.3161248448320591,-0.07564575743172243,1.6902217850486008,-0.3417570771486425,-0.05522076892363592,-0.5950113495392401,0.0,0,0,0,0,0,0,0,1,0,0,0,0,Likuid,2
ALTO,-0.7037016120505544,-1.152807246234034,-0.21724855074355304,-1.590751206425945,-1.6002089535541344,-0.2801602458241613,-0.770196593452677,2.36449002213273,0.5561302458510614,-0.6822984544651239,-0.6023976063635151,-0.0652619539797403,0.18718740741907772,1.1544616968127235,-0.1386285615695244,0.0,0,0,1,0,0,0,0,0,0,0,0,0,Tidak Likuid,0
BIRD,0.7816146297737278,0.7077016559015925,-0.9222183280870505,0.7130699908391461,1.1980476446464694,0.438211011851058,0.7060410553645943,-0.6477068333885699,-0.8325144508957235,-0.6422921065822865,0.25854350521604247,0.6690028869967783,-0.3417570771486425,-0.7381060318393228,-0.3357822060923562,0.0,0,0,0,0,0,0,0,0,0,0,0,1,Menengah,1
KDSI,-0.5077195422626231,-0.4002379358856671,1.8711580450846625,-0.174328934870727,0.3404614097106798,-0.8445551698471092,-1.0628113461238184,0.7641633415879429,-0.08610624549599745,-0.1634045893991114,0.6844936681307409,-0.601537380640254,0.2533054679900427,0.17891132121888542,1.2156402819982766,0.0,1,0,0,0,0,0,0,0,0,0,0,0,Tidak Likuid,0
CSMI,-0.49401407392296853,-0.007410584155876438,3.6982734310204504,0.377917338624363,1.4528751197199683,-1.3230046543150866,-1.1045308557423072,1.0338334091523311,0.4390312556100701,-0.3355628453581131,-2.4995544730866976,-0.6120465294276142,1.5315879723620331,0.9203296066702025,-0.796582351663409,0.0,0,1,0,0,0,0,0,0,0,0,0,0,Menengah,1
LUCY,-0.3196391729783512,-0.5885095338525587,-0.10941284600669604,-0.8775194316013528,-0.5037405128486682,-0.27149044230176034,-0.6392279533588691,1.2297428654291096,0.1626743215403067,0.38510903930140145,-0.7672255855822386,-0.6341527679531664,-0.3417570771486425,-0.6405509942799389,-0.8874869212488183,0.0,0,1,0,0,0,0,0,0,0,0,0,0,Tidak Likuid,0
MPPA,0.6210928937272273,0.7018498105621105,-0.19407458662458243,-0.1853186378480036,-0.9236125608200098,1.0906504232005774,1.4435999854736294,-0.6400766872260193,0.8867329603522223,0.8634072513596919,-0.8764509331726238,0.6588312719435221,-0.3417570771486425,-0.03570976141175921,1.5216004190171992,0.0,0,0,1,0,0,0,0,0,0,0,0,0,Menengah,1
KDTN,-0.34317412708507955,-0.7266586568625774,-0.49427976786404737,-0.9155759034980465,-0.4360761203690856,-0.3277178863482711,-0.6515323000138332,1.0830392653223684,-0.49853881318647325,0.3269165118624952,1.030740507942732,-0.7508962654102487,-0.3417570771486425,-0.42592991164929445,-1.0160552766982593,0.0,0,1,0,0,0,0,0,0,0,0,0,0,Menengah,1
ELPI,0.46822942450403626,0.24259901516584545,-1.000353197525626,0.4476077095737312,0.20597571821822463,0.4489493505332364,0.005000115437023076,-0.6135973572847623,-1.0778197539003143,-1.0062639191936513,1.3164841290308726,-0.13682600185312876,-0.3417570771486425,0.27646635877826925,-0.9944334737022413,0.0,0,0,0,0,0,0,0,0,0,0,0,1,Menengah,1
MBSS,0.13674547708398058,0.4447563106310024,1.614406431275309,0.27004327774228454,0.8547339060906431,-0.2559485426051279,-0.6683020548783793,-0.5444542748616941,0.44619617799776873,0.17390745609149166,-0.6625160239046439,-0.5400590149379388,-0.3417570771486425,-0.7185950243274459,-0.031449516610767995,0.0,0,0,0,1,0,0,0,0,0,0,0,0,Menengah,1
ETWA,-3.5172664825753994,-5.365806350172516,-0.2611785808537514,-0.5504011893778922,-0.7689369862243278,-3.185741378482777,-1.122153201878401,-0.5093340294860225,-2.390142587806191,-1.948357512943425,2.163049600528397,-1.2532103459746864,4.859530354433939,3.1640954705360307,1.14798496294622,0.0,1,0,0,0,0,0,0,0,0,0,0,0,Tidak Likuid,0
ASLC,0.42969419586485047,0.25781104563686025,-0.8002800762236647,-0.036136965356697255,-0.7277137831505675,0.7656952125948812,0.48544555911613735,-0.6285883836002666,-0.5359302276172376,0.11016852280016265,-0.21471809137866765,0.9895866345930422,-0.3417570771486425,-0.28935285906615704,-0.9490974351622034,0.0,0,1,0,0,0,0,0,0,0,0,0,0,Menengah,1
ENAK,0.16987509296499947,0.03420130571890874,-0.3348643758005763,0.19178814755649834,0.6267003311739602,-0.11433198944926241,-0.5318613078149544,0.045608689968669264,0.7123110176167144,0.6812903492261012,-0.7711807692254629,-0.5384308776309542,-0.3417570771486425,-0.3478858816017874,-0.9523523302368727,0.0,0,1,0,0,0,0,0,0,0,0,0,0,Tidak Likuid,0
TIFA,-3.5172664825753994,-1.4343773126791959,-0.2611785808537514,0.3276103913351315,0.4991512863025739,-3.185741378482777,-1.122153201878401,2.490953979352633,-0.8797037964488001,-1.540507050330181,0.26286501665174555,-1.468970391373879,2.8980278908286436,2.32512214752533,-0.05307131960678607,0.0,0,0,0,0,1,0,0,0,0,0,0,0,Tidak Likuid,0
FOLK,-0.382841141865203,-0.0932665882662505,2.5108763405266825,-0.791923739558157,-0.969351058498508,-0.16261644795903493,-0.8019221572151082,-0.4757665858543818,0.03737518832116714,-0.29211234986554757,0.7596883313593668,-1.2148409388468329,-0.20952095600671244,1.583703862074013,-1.0790607456436456,0.0,0,0,0,0,0,0,1,0,0,0,0,0,Menengah,1
BHAT,0.5283058934570155,0.7096852281141284,0.3535001573581609,0.4244419377217923,0.41464859023481926,0.400585605053543,0.12882147488909232,-0.6328093855878597,-1.200652577606444,-0.9033908101913252,1.2636331257635507,-0.6181653181932699,0.2533054679900427,0.5496204639445441,-0.79797730669541,0.0,0,0,0,0,1,0,0,0,0,0,0,0,Tidak Likuid,0
UFOE,0.09704687963641402,-0.03350456199627752,-0.209686543819861,-0.3797358979503451,-0.1266448670621036,0.0834440762795526,-0.16752022802638183,-0.35081990211617914,-0.2982265248040066,-0.2105664563630469,0.032631011515368326,0.14090076177681704,-0.3417570771486425,-0.15277580648301975,-0.8658651182528002,0.0,0,1,0,0,0,0,0,0,0,0,0,0,Tidak Likuid,0
BBRM,-0.0519966425899828,-0.08728286278957427,0.407025090137427,-0.21881267428590248,-0.7119792018393107,0.16819155645067932,-0.6219195713294374,-0.37924524369940005,-0.2502155691559619,0.5597469969458334,0.9404308353761831,-0.22878457584163792,-0.3417570771486425,0.022823261123871195,-0.18117469004556006,0.0,0,0,0,1,0,0,0,0,0,0,0,0,Menengah,1
ABDA,-3.5172664825753994,-2.0810618125805616,-0.2611785808537514,0.39664120899224964,1.6421430599247746,-3.185741378482777,-1.122153201878401,1.1395281149372585,-1.5618103486832164,-1.9472138332645215,0.8110531882701288,-1.3820219978248116,4.308546516342564,3.066540432976647,1.8154709457587788,0.0,0,0,0,0,1,0,0,0,0,0,0,0,Tidak Likuid,0
FASW,-3.5172664825753994,-0.87335219057145,-0.2611785808537514,1.232579789870982,1.8605361026532956,-3.185741378482777,-1.122153201878401,1.051195050712139,-0.49010107900314664,-1.6152937094317863,0.1356594514758344,-1.4253941511009935,3.691444617680224,2.403166177572837,1.352345875134391,0.0,1,0,0,0,0,0,0,0,0,0,0,0,Tidak Likuid,0
KKES,-0.6469745500611322,-1.181642381404812,-0.5997024606699624,-1.5689069399948965,-1.354599550389905,-0.3514393722024387,-0.7430273062397214,2.2121338909838664,0.010985149748442792,-1.0696235695941183,-0.6023976063635151,-1.2738103875943114,-0.3417570771486425,0.9788626292058331,-0.9944334737022413,0.0,1,0,0,0,0,0,0,0,0,0,0,0,Tidak Likuid,0
ADRO,1.508755031004785,1.7673294577238412,-0.7883185203214002,2.030169774888876,1.3433484636897877,1.3006222850768834,1.4290427291792467,-0.6505168960310501,0.19028543595109135,-0.3347495298716315,-1.115785082890479,1.3576463700551724,-0.3417570771486425,-1.050282152029351,0.19964803369075895,0.0,0,0,0,1,0,0,0,0,0,0,0,0,Likuid,2
RAJA,1.3371895478583846,1.5135609426811802,-0.8320599187357974,0.28164922379142016,0.3360035830940146,1.4917582506142284,3.123232358800015,-0.6497706503735731,1.0561376805407545,1.3434308186915003,-1.432685538456359,2.952368196853509,-0.3417570771486425,-1.1673481971006114,0.39005939555891833,0.0,0,0,0,1,0,0,0,0,0,0,0,0,Likuid,2
PTSN,-0.06212867312751568,-0.14344131655779677,0.23196105549307366,0.02880812503252236,-0.12076377891057011,-0.10323972513501396,-0.8170137990783475,-0.4585034749634109,-0.07612336807716681,-0.3844993215495566,0.5858804903478533,-0.3153247930172026,-0.3417570771486425,-0.016198753899882234,0.2580036525294745,0.0,0,0,0,0,0,0,0,0,0,1,0,0,Tidak Likuid,0
TRST,-0.4329844314016967,-0.8688292931738558,-0.5519344729300762,0.1460890661866425,0.41222559771849476,-0.789713639935366,-1.0790272816433422,1.6739342794924024,-0.7069424942844205,-0.9665818603457104,1.0015617736337938,-1.0226635555560484,-0.05524548134112741,0.3545103888257764,1.7315411513333754,0.0,1,0,0,0,0,0,0,0,0,0,0,0,Tidak Likuid,0
JAYA,-0.09863618743544121,-0.23030986666518916,0.08619284417426758,-1.2552248185531163,-0.5925451746506982,0.039654890134571914,0.38093602465738313,-0.39920853284869645,-0.20484076979902965,-0.14371922922000263,0.34964159600911043,-0.15443441543757006,-0.3417570771486425,0.022823261123871195,-0.7005629469606618,0.0,0,0,0,0,0,0,0,0,0,0,0,1,Tidak Likuid,0
BOLA,-0.15597112268943614,-0.2648245048557381,0.27135066527998003,-0.27637987167929295,-0.5768105933394415,-0.027373188879822274,-0.7672549255566838,-0.10294890669044383,-0.23261726654434123,0.035831178474206415,0.4797339093767981,-0.4573748241743221,-0.3417570771486425,-0.09424278394738936,-0.7275320775793511,0.0,0,1,0,0,0,0,0,0,0,0,0,0,Tidak Likuid,0
BNLI,0.5057290426763471,0.5098809851119155,-0.3091434466941046,1.8265653496555112,0.9938654706011033,0.10839004896399512,-1.0025462120545932,-0.6275341469851844,0.5998716973546601,0.4542476781842597,0.06130972329054369,-0.1444449189313454,-0.3417570771486425,-0.7185950243274459,1.7705998922294082,0.0,0,0,0,0,1,0,0,0,0,0,0,0,Tidak Likuid,0
INPC,0.6548063034750489,0.9515077035801597,0.6323776710939508,0.5371966159549396,-0.2805687607866584,0.8754235983768374,0.4784963971729123,-0.6169439848124462,2.0723440193781997,1.6708317005708702,-1.82020922040766,2.952368196853509,0.032911932753492634,-0.4064189041374177,1.7194515410560318,0.0,0,0,0,0,1,0,0,0,0,0,0,0,Menengah,1
TGKA,-0.5267378766751931,-0.6430050950468158,0.8706044277254149,0.8246279253941985,1.9459063483251309,-1.540360468229531,-1.115584512507394,0.6744375628350823,-0.6295380723440201,-0.9055476098831083,1.1248270996474743,-0.609782670391829,0.2533054679900427,-0.016198753899882234,1.7364234939453793,0.0,0,0,1,0,0,0,0,0,0,0,0,0,Tidak Likuid,0
BMSR,-0.2797060766848702,-0.5943757433991335,-0.33949099165495583,-0.49725156979582025,0.13548152484550194,-0.4608468970363615,-0.7951624626718784,0.5504925210163473,-0.7464649855731442,-0.14516992380733973,0.27821966063558545,0.16354388081089882,-0.3417570771486425,-0.2698418515542803,0.9254896353420337,0.0,1,0,0,0,0,0,0,0,0,0,0,0,Tidak Likuid,0
BTON,-0.821867778420045,-1.0908435314409202,0.7112061347605335,-0.5991351394668996,0.29470281457787706,-1.2414119346969752,-1.094583322912153,1.8437606222214418,-0.5086404155638435,-0.6670960906346823,1.0037354875955429,-1.4869176994227298,0.2753448215136977,0.15940031370700847,0.7936663848179233,0.0,1,0,0,0,0,0,0,0,0,0,0,0,Tidak Likuid,0
BANK,0.7747673101856191,0.6553393004451354,-1.0409063253995843,1.1755889772640262,0.7138374950553477,0.621150948831366,0.01325204984505938,-0.64843063163689,-1.1518252648244824,-0.5998192235008407,1.3729218271307078,-0.6844478145449185,-0.3417570771486425,0.3154883738020227,-0.8658651182528002,0.0,0,0,0,0,1,0,0,0,0,0,0,0,Menengah,1
BRPT,1.3933725321568327,1.6796196655149296,-0.5514927675405699,2.148772310415755,0.8185951199913796,1.3920157946139344,0.8631863251087045,-0.6504104495855165,0.2850900131071489,0.31656854325965417,-0.5908266975480679,2.692883555134118,-0.3417570771486425,-1.0112601370055976,1.4555725475024774,0.0,1,0,0,0,0,0,0,0,0,0,0,0,Likuid,2
TRIM,0.17935654861549588,0.04717767102823276,-0.3357828064041594,0.41667862809959116,0.1921689137492887,0.0877581013130678,-0.6747293010227623,-0.41313075664884213,-0.5558232857144229,-0.2554812683594223,1.318860453161392,0.39727333372007617,-0.3417570771486425,-0.5820179717443087,0.9178173826660271,0.0,0,0,0,0,1,0,0,0,0,0,0,0,Tidak Likuid,0
HAIS,0.5740424035675156,0.34899432262175206,-1.1022716139178281,-0.2951416310755136,-0.10345553508875682,0.7113518446099771,1.498195845316272,-0.6396950780726176,-1.2341141916135723,-0.9528611460577251,0.991249936591146,-0.029676897055484944,-0.3417570771486425,-0.03570976141175921,-0.9151535293835082,0.0,0,0,0,0,0,0,0,0,0,0,0,1,Tidak Likuid,0
MTDL,0.7264940631336251,0.6053265609765763,-0.993837744056495,0.934121537964066,0.5147240545177926,0.648703556447698,0.19322528678853193,-0.6445562431462775,-0.7711449852819653,-0.356323950202964,0.7697708550714032,0.3405204425833846,-0.3417570771486425,-0.5039739416968015,1.7510705217813918,0.0,0,0,0,0,0,0,0,0,0,1,0,0,Menengah,1
KEEN,0.4658236498221411,0.4275295485161119,-0.40529456183210466,0.42662632473644435,0.6050177256949808,0.27967479453502314,0.018839551412807288,-0.6373251521381548,-0.8170058021133312,-0.4605847538689072,0.9339619530208805,0.2223789661764657,-0.3417570771486425,-0.2503308440424036,-0.7454340004900328,0.0,0,0,0,0,0,0,0,1,0,0,0,0,Likuid,2
PUDP,0.023193491494686216,-0.12675140513911573,-0.17273884939266063,-0.9353899373723216,-0.07566408679764543,-0.01145544674512465,0.3714977925073144,1.086007300984963,0.6943091519946469,1.032533835145425,-0.1469121840519062,-0.6427845693558917,-0.3417570771486425,-0.87468308442246,1.3595531427997305,0.0,0,0,0,0,0,0,0,0,1,0,0,0,Tidak Likuid,0
SURE,-0.2158851485041245,-0.4568299351604475,-0.15943183144244522,0.5943638042766427,1.3588086134844681,-0.911056312220977,-1.0727280717018692,0.4740844741852276,0.49979766797739045,0.6458750544000582,-0.06764262160541078,-0.3998943471595451,-0.29767837010133247,-0.9917491294937207,-0.6682464887193014,0.0,0,0,0,1,0,0,0,0,0,0,0,0,Tidak Likuid,0
CSRA,0.22400781499625214,0.06762301092255735,-0.48427429781273096,0.13748653559540877,0.5916255666400687,-0.038699094918681946,-0.3682963351218154,-0.5612628207149513,-0.6061120006179641,-0.10273441990780353,0.8356349412202791,-0.619206517524685,-0.3417570771486425,-0.2698418515542803,-0.7754255336780578,0.0,0,0,1,0,0,0,0,0,0,0,0,0,Menengah,1
GTRA,-0.02085639458984377,-0.11640639673875561,0.10776575579310066,-0.7086044731363829,-0.4263057904689601,0.09157773222004625,-0.039511159796931025,-0.3697265872553209,-0.3132730007703632,0.6146453260006199,0.22310902255944356,-0.24378490976139666,-0.3417570771486425,-0.5429959567205551,-1.0488367199502868,0.0,0,0,0,0,0,0,0,0,0,0,0,1,Tidak Likuid,0
MMLP,0.4188839398872538,0.5119581557544802,0.16756499144815795,0.5780017966425801,0.41464859023481926,0.30509804944907754,-0.28149252902463306,-0.6058419690079435,-0.2897080305930153,-0.13372985379442479,1.311389752742215,0.01915047617118884,-0.3417570771486425,-0.46495192667304797,-0.3866980647603989,0.0,0,0,0,0,0,0,0,0,1,0,0,0,Menengah,1
BOGA,0.2996878559689768,0.8907427226400798,2.665402430311684,0.3603616110967307,0.4991512863025739,0.11152150278715922,-0.3749260130420405,-0.29238969262371756,-0.4388685166636838,-0.43005283495479896,-0.2295283200410102,0.06524750479276799,0.09902999332445762,0.4325544188732833,-0.5159638977258405,0.0,0,1,0,0,0,0,0,0,0,0,0,0,Tidak Likuid,0
BOLT,0.45755930151904034,0.2215697877226302,-1.017111924460914,0.4778696486299702,0.9404610981670501,0.1370539763020603,-0.05724418516453365,-0.6318694497312293,-1.2016527215790047,-1.0138825437775916,1.029017292666246,-0.9522701231523862,-0.3417570771486425,-0.6405509942799389,-0.3925103773937371,0.0,0,1,0,0,0,0,0,0,0,0,0,0,Tidak Likuid,0
SMSM,0.6836395963806831,0.5713204113592898,-0.9212895430841495,1.1317447837184316,1.2224303562451353,0.30898680157462405,-0.17624020256281533,-0.6457143778047512,-1.1198427636246115,-0.8053942445139095,0.849149343860294,-1.166983174018676,-0.3417570771486425,-0.9722381219818439,1.2058755967742685,0.0,0,1,0,0,0,0,0,0,0,0,0,0,Menengah,1
AMOR,-0.22722116006329454,-0.49498709051479023,-0.24343031370056736,0.1579162643827479,0.5686255630406297,-0.5900104818671529,-1.0059004966421323,-0.11203825755285868,-0.3598854321509736,0.098423267566132,-0.7393009334373724,-0.7820350874554128,-0.3417570771486425,-0.4064189041374177,-0.7765879962047255,0.0,0,0,0,0,1,0,0,0,0,0,0,0,Tidak Likuid,0
TCID,-0.44940737602546355,-0.4466081591520085,1.2720323011744261,-0.0519672053081026,1.338106134809282,-1.1961226452329647,-1.0640374345335182,1.3273202845318943,0.002940049387766444,0.14655912298186854,-0.1237625128629918,-0.3001440818263807,-0.09932418838843741,-0.5820179717443087,1.455805040007811,0.0,0,0,1,0,0,0,0,0,0,0,0,0,Tidak Likuid,0
MUTU,0.13864116866464077,0.00724777381335354,-0.2740124290925975,-0.6641959774421363,-0.6743430418589271,0.37872288136274873,0.37707111456629716,-0.5276753268783552,-0.12177276414040564,0.42884208387071215,0.7326458728256836,-0.3522413814618621,-0.3417570771486425,-0.3088638665780339,-1.0795257306543127,0.0,0,0,0,0,0,0,1,0,0,0,0,0,Tidak Likuid,0
AMRT,1.3337665077799157,1.477883778191802,-0.9228962072174907,2.264911137031843,1.4582961986922611,1.045203414695433,0.44638650047351686,-0.6503850098832137,-0.38423007417607996,-0.23633955122477415,-0.5481731513264188,0.7230889646286047,-0.3417570771486425,-0.9527271144699672,0.15710190521472317,0.0,0,0,1,0,0,0,0,0,0,0,0,0,Likuid,2
KLIN,0.25189239430899457,0.214872448852054,-0.08658627294060951,-0.7934400225064356,-0.30983760954308903,0.4886835422846249,1.3446329718585628,-0.23861711412915823,1.200683245134561,0.9212231822340775,-0.9123184140324362,-1.4649517022418368,-0.03320612781747239,-0.38690789662554087,-0.9946659662075749,0.0,0,1,0,0,0,0,0,0,0,0,0,0,Tidak Likuid,0
DYAN,0.21489980203396755,0.03314389628937614,-0.558767246850124,-0.4567163082085725,-0.5989552590326038,0.44987494429878705,0.3628956169311065,-0.5670049280081141,-0.339074642629133,0.13367849151881397,-0.049308164985132893,0.7869352582469414,-0.3417570771486425,-0.28935285906615704,-0.1986116279455747,0.0,0,0,0,0,0,0,1,0,0,0,0,0,Tidak Likuid,0
AKKU,-0.8294993018715051,-1.1751769347069883,0.3941901482701521,-1.1336382445420057,-1.6715557119112512,-0.42195969232218516,-1.0415848484002077,4.065644359587519,0.5761597810299319,-0.7711227534889926,0.5363159494155074,-0.7363520519879309,0.23126611446638767,1.4276158019789986,0.5142103934070225,0.0,0,1,0,0,0,0,0,0,0,0,0,0,Tidak Likuid,0
PSKT,-0.25585734481382055,-0.5444572948131854,-0.27866210454156315,-0.5439467308668998,-1.2330438141269915,0.13854063811423747,-0.7307208570993765,0.7111925097064953,0.8564478231013797,-0.47339214515205996,-0.3975496651122624,-0.510079967816624,-0.3417570771486425,0.17891132121888542,1.2886429286730046,0.0,0,1,0,0,0,0,0,0,0,0,0,0,Menengah,1
DGIK,0.2898978538695697,0.11122911874998279,-0.6470029243092437,-0.39543731012669114,-0.678003157655781,0.6136864013409079,0.6419930408359076,-0.6166362550817382,-0.8468587271748178,-0.21900549176049317,0.46123593474875857,-0.19824988757923903,-0.3417570771486425,0.3349993813138994,0.2484714598107997,0.0,0,0,0,0,0,0,0,1,0,0,0,0,Tidak Likuid,0
BEKS,0.2536564742158276,0.13293707357630477,-0.40015590708503634,0.12391692406465717,-1.354599550389905,0.8080520894164778,-0.2735013128542044,-0.5649170090592247,0.44232258706539257,-0.6096832461715074,-0.8965941177349953,0.48307045902719276,-0.3417570771486425,0.530109456432667,0.7948288473445908,0.0,0,0,0,0,1,0,0,0,0,0,0,0,Menengah,1
WINE,-0.01580983929933135,-0.1369905222614352,-0.002118484262438084,-0.16069849821914325,0.04687861069610003,-0.12532953633493965,-0.6368582617646851,-0.34814892107342804,0.3218375138097547,1.083284143821793,-0.829511628185556,-0.561245160741391,-0.3417570771486425,-0.6405509942799389,-1.0304698120289382,0.0,0,0,1,0,0,0,0,0,0,0,0,0,Tidak Likuid,0
BSML,0.7744510397872699,0.7020048663495498,-0.909836468437613,-0.8041746072585154,-0.5319198877117421,1.1358244490249292,3.123232358800015,-0.6445632375616408,0.473891915950638,0.65844539143141,-0.8639939637722094,0.3504157486939554,-0.3417570771486425,-0.7576170393511995,-0.9397977349488622,0.0,0,0,0,1,0,0,0,0,0,0,0,0,Likuid,2
SEMA,-0.06648159292361365,-0.2722638851976087,-0.24921830652960494,-1.0416803441811027,-0.6389091213485374,0.09775565926926846,0.1883587884538835,-0.4312173102518513,-0.1256140523156544,0.12345642282503524,0.25584463025811255,0.1050365810038833,-0.3417570771486425,0.10086729117137831,-0.9456100475822004,0.0,0,0,0,1,0,0,0,0,0,0,0,0,Tidak Likuid,0
PORT,-0.12704549901298703,-0.25232022398681136,0.15724311145511471,0.4018426619000504,0.7337950370447495,-0.5342732757870116,-1.0071687173905757,-0.028592531926364052,0.3407784174242476,1.0524227401713149,0.4986600778619683,-0.21591458062369603,-0.3417570771486425,-0.8941940919343369,-0.5361907456898574,0.0,0,0,0,0,0,0,0,1,0,0,0,0,Tidak Likuid,0
DKFT,0.9596707201521537,1.0539779423890865,-0.6200307585651315,0.10995418245992272,-0.05431395362023941,1.1708865415634664,2.3536471527028633,-0.6467449231306697,0.8751769176643933,1.0836265945133943,0.31292646915704725,1.0504388282171118,-0.3417570771486425,-0.9722381219818439,1.104043879438183,0.0,1,0,0,0,0,0,0,0,0,0,0,0,Likuid,2
AYLS,0.40090552532634566,0.48152455603942884,0.14587215694595412,-1.31274950742146,-0.7042625710971814,0.7284957865440644,2.4395914713427342,-0.6055176561028286,2.050422618895236,2.4735208486308733,-1.1785324411326632,1.872538858466552,-0.29767837010133247,-0.42592991164929445,-0.7833302788593979,0.0,1,0,0,0,0,0,0,0,0,0,0,0,Tidak Likuid,0
TOSK,0.08381722950982103,0.6995656839759646,3.206216953202464,-0.7427152619741868,-0.969351058498508,0.43784187264445923,0.3142280196268644,-0.6475553780181441,0.9354222181089609,-0.22886213466714328,-1.660778636161654,-1.1144766590464674,-0.3417570771486425,1.466637817002752,-1.1218393666250146,0.0,0,0,0,0,0,0,0,0,0,1,0,0,Menengah,1
DWGL,-0.08802773104123719,-0.01535873927655203,0.9399919271012245,0.3171973402729407,-0.09218549239566352,-0.0848389487220681,-0.9202939015161282,0.565715872089755,1.8242122093994593,1.4922295619301695,-0.8921111232760014,-0.5324251768708795,0.29738417503735276,-0.1917978215067732,-0.599428707140577,0.0,0,0,0,1,0,0,0,0,0,0,0,0,Tidak Likuid,0
MDLN,0.24940754728614342,0.14209086107455066,-0.34603138530129873,-0.2289984580338089,-0.9575886050035398,0.6466992204028589,0.1746334466897809,-0.6282197607277246,-0.6891538099508366,-0.5780112630871064,0.9531664475131854,-0.9910101225805998,-0.3417570771486425,1.3495717719314912,1.515090628867861,0.0,0,0,0,0,0,0,0,0,1,0,0,0,Menengah,1
MSKY,0.42658870197449605,0.5125365629296671,0.12637911318661854,-1.0008447462207024,-0.8224199965036709,0.7881805914276321,1.9561677695146658,-0.6216688236331586,0.6253144791003148,1.4379827036016473,-1.0823512538406241,1.3867639937263372,-0.3417570771486425,-0.36739688911366414,-0.13839606906419097,0.0,0,1,0,0,0,0,0,0,0,0,0,0,Menengah,1
AGII,-0.026102285403308147,-0.22642978956364615,-0.2880492392045759,0.6696446492380044,1.0200136254653855,-0.538346947050377,-1.0176678314633754,-0.44398988118361826,-0.9565612698450943,-0.7152000418216625,-0.6171860941009051,-0.38253792227724115,-0.3417570771486425,-0.7185950243274459,-0.4968995122884913,0.0,1,0,0,0,0,0,0,0,0,0,0,0,Menengah,1
BEER,-0.22591041524088776,-0.2994650261030785,0.5368424318425703,-0.2706222018272973,-0.3260458627054723,-0.21908677418564798,-0.8604652660845583,0.1124242169461792,0.703780350568733,1.1575120286391238,-1.9405172226015373,-0.26142223259049074,-0.3417570771486425,-0.36739688911366414,-1.029539842007604,0.0,0,0,1,0,0,0,0,0,0,0,0,0,Tidak Likuid,0
OMRE,-3.5172664825753994,-1.8334598877923904,-0.2611785808537514,0.0873316996592221,0.3092647495077498,-3.185741378482777,-1.122153201878401,3.044198695886061,-1.1730258253465506,-1.7538518679034338,1.2559829166678496,-1.3757055322086316,3.3388149613017437,2.5592542376678513,1.380012483269081,0.0,0,0,0,0,0,0,0,0,1,0,0,0,Tidak Likuid,0
SCMA,1.1027049407704366,1.2029388466960431,-0.7816343029593317,1.1753188136381438,-0.26551836369495796,1.4462275026949596,1.205089987237468,-0.6498213825626902,-0.0012474882752515075,0.1930318291312259,0.06512413323108439,1.0918643954199156,-0.3417570771486425,-0.7185950243274459,0.7092716053818523,0.0,0,1,0,0,0,0,0,0,0,0,0,0,Likuid,2
LPKR,0.729909620630533,0.887559657334266,-0.06447396761477997,0.8680219864614261,-0.6252962491115819,1.1196317158057107,0.28639865354718197,-0.6449157974738641,0.06505308017994542,0.5420614323346962,-0.2905050642328483,1.5954499889021978,-0.3417570771486425,-0.6600620017918156,1.2228475496636162,0.0,0,0,0,0,0,0,0,0,1,0,0,0,Likuid,2
IKPM,0.15827278423421992,-0.1063793168093387,-0.7554299391835897,-0.4405096898308723,-0.01867147834056027,0.13250042527903852,0.1345725193379957,0.21082915317956327,-0.9320825679580049,-0.6166436569458473,0.17993285348090743,-0.632561924926547,-0.3417570771486425,-0.21130882901864992,-1.1006825486396636,0.0,0,0,0,0,0,1,0,0,0,0,0,0,Tidak Likuid,0
CYBR,1.0213936426203285,0.9931409773425967,-1.0577034871173472,0.13305773551878228,-0.10630611597954609,1.1923231421912408,2.3152730541079247,-0.6482730038244127,0.2281351006884327,0.8862818938330957,0.9606812497058265,-1.4004443688123418,-0.3417570771486425,-0.9917491294937207,-1.079293238148979,0.0,0,0,0,0,0,0,0,0,0,1,0,0,Likuid,2
SMGR,1.2058749842026328,1.2898904495502597,-0.950081715869803,1.4130229548221849,1.4815888989594908,0.8472671195715249,1.1925438357801788,-0.6501075282752932,-0.16361795934288487,-0.20822228698535927,-0.8383985715030876,1.9396995193462394,-0.3417570771486425,-1.1673481971006114,1.6452864318546363,0.0,1,0,0,0,0,0,0,0,0,0,0,0,Likuid,2
WEHA,0.25228877842532166,0.19062487013517643,-0.18136678582740098,-0.8906075599806952,-0.4982585992232215,0.47580496812661704,1.220071294434147,-0.5954059342019379,-0.6631914890907407,-0.3430779522593134,-0.36042097576047283,-0.04599339357543353,-0.3417570771486425,-0.4064189041374177,0.29543494588817254,0.0,0,0,0,0,0,0,0,0,0,0,0,1,Menengah,1
IRRA,0.36010403978515493,0.2198665806205133,-0.6118812119281747,-0.2050129402807055,0.3092647495077498,0.25929147761418175,0.5115580117961717,-0.6325353931514731,-0.5048194759654953,-0.383243681973313,0.5350882259052336,-0.3530010028759574,-0.3417570771486425,-0.6405509942799389,-0.7554311782193744,0.0,0,0,0,0,0,1,0,0,0,0,0,0,Tidak Likuid,0
KMTR,-0.14710692766977582,-0.3178573496390817,0.007065895324076861,0.41117994579258466,0.09791908814415023,-0.2888208551997698,-1.015814922184684,0.8345240781965448,0.007249574584622712,1.41300692257762,0.3991427334297718,-0.5052796798288369,-0.3417570771486425,-0.621039986768062,-0.5582775336965426,0.0,1,0,0,0,0,0,0,0,0,0,0,0,Tidak Likuid,0
CRAB,0.4310057824463889,0.12492437727733954,-1.1022716139178281,-0.34370195319528457,0.014989810147959868,0.4719957705839939,0.9899086562522814,-0.6290382582394332,-1.343111585658324,-1.1190983343290912,1.3026882472731354,0.3038392834317311,-0.3417570771486425,-0.07473177643551264,-0.9948984587129084,0.0,0,0,1,0,0,0,0,0,0,0,0,0,Tidak Likuid,0
KAEF,0.4038905778143632,0.44423501013600536,-0.019332347762677074,0.5691766429545118,0.5324003035135817,0.23570928548450396,-0.3156073002842224,-0.6271301084448714,0.4010728244346282,0.458722216240909,-1.103123550333293,0.6588839109889342,-0.1434028954357474,-0.4454409191611713,0.7969212798925924,0.0,0,0,0,0,0,1,0,0,0,0,0,0,Menengah,1
CFIN,0.48882151659250794,0.40249408981616025,-0.6018355899718768,0.09884634660464447,0.14120516416750728,0.48600665475397115,0.5115182297553557,-0.63631180829009,-0.6612336089144567,-0.5614713728841304,0.04754620723780972,0.45862289389723415,-0.3417570771486425,-0.6795730093036925,1.718521571034698,0.0,0,0,0,0,1,0,0,0,0,0,0,0,Menengah,1
RISE,0.22333274829780622,0.011631608628263972,-0.6688543198009156,0.9488330044768846,0.6027462766462982,-0.031046731174611243,-0.9114625679903474,-0.6088668457262365,-1.8907158442711067,-1.4615782544894076,1.7495250681946666,-1.2630716563462911,-0.3417570771486425,1.6617478921215196,-0.647787148249951,0.0,0,0,0,0,0,0,0,0,1,0,0,0,Menengah,1
IDPR,-0.2729052965522891,-0.5292872785087424,-0.13235985171714212,-0.522340464447419,-0.22595997525963532,-0.3284731808016518,-0.7989641928107252,0.9059047602378321,-0.1786113007692615,0.6745021888240643,0.9401382728576015,-0.2790996244864152,-0.31971772362498746,-0.8551720769105833,-0.42877920822576754,0.0,0,0,0,0,0,0,0,1,0,0,0,0,Tidak Likuid,0
SBMA,0.0355603152008965,-0.24970300985650173,-0.6667017682309848,-1.0573038298348965,-0.4360761203690856,0.15827523055484333,0.6078027083839582,-0.5232107017201257,-0.894065764983101,-0.5138570358505765,0.9749315412711309,-0.33701975977509285,-0.3417570771486425,-0.016198753899882234,-0.9167809769208429,0.0,1,0,0,0,0,0,0,0,0,0,0,0,Tidak Likuid,0
ALII,0.5642987122373345,0.4111957751243829,-0.9028382233446919,0.8719577957028503,0.28279584994797824,0.5281790506996777,-0.2465925107867406,-0.6182479208405255,-0.5727248600572086,-0.0019528702117491605,1.0013092213774566,-0.34313569797666565,-0.3417570771486425,-0.6990840168155692,-1.1218393666250146,0.0,0,0,0,1,0,0,0,0,0,0,0,0,Menengah,1
LPPS,-0.06525408580544863,0.017602747035968827,0.9453122242696845,-0.9314585505863349,-0.8914414263952063,0.21563790159397306,0.07474073655349166,-0.18486016069468464,0.34441512872142127,0.97931746187277,-0.5481731513264188,0.2487402514775442,-0.3417570771486425,0.061845276147624625,1.4141888815531096,0.0,0,0,0,0,1,0,0,0,0,0,0,0,Tidak Likuid,0
MBAP,0.28072358319250307,0.05099956369552661,-0.7970768773209883,0.5216024431324169,1.3873810380173976,-0.2738066983060525,-0.5620454861810578,-0.6155638099801611,-0.5859674377252981,-0.32922140246004433,-1.28428869847385,0.6273737695489837,-0.3417570771486425,-0.9137050994462137,-0.30834809046299994,0.0,0,0,0,1,0,0,0,0,0,0,0,0,Tidak Likuid,0
OPMS,0.17063331515435073,0.2221228169167871,0.40183382441465876,-1.3025450562075942,-0.7862452300461406,0.4775280399473699,1.517295122948379,-0.5965359081699386,0.7635871416852826,0.8377893580255854,-1.137645452858724,-0.5620555273378347,-0.3417570771486425,0.6471755015039279,-0.7503163431020368,0.0,1,0,0,0,0,0,0,0,0,0,0,0,Menengah,1
BCIC,-0.392186716348584,0.14843963180804343,3.7667624713047294,0.5193107343601081,-0.23649497682210868,-0.3302445138593435,-1.0792248648876062,-0.5108535903521015,-0.10445273312578351,-0.46354257666276166,0.16993449646215406,-1.024727555029771,2.1927685780716835,1.0959286742770933,1.138685262732879,0.0,0,0,0,0,1,0,0,0,0,0,0,0,Tidak Likuid,0
BBRI,1.538056917975664,1.7850916696138652,-1.043053874705276,2.658369671141734,1.6984119130763287,1.54977045184518,1.1010560346483007,-0.6505606969702578,-0.6470077640695484,-0.8109008810129397,-0.004260156185083498,1.890924711460866,-0.3417570771486425,-1.147837189588735,0.5972102178110918,0.0,0,0,0,0,1,0,0,0,0,0,0,0,Likuid,2
MYOR,1.054440086667785,1.062817424806487,-0.9940929982474183,1.9093059721315788,1.3837297471463739,0.709816813528212,-0.02778369243788227,-0.6497035487899081,-0.6917534715419491,-0.4480076649256353,0.13319272812961971,0.4376252886013974,-0.3417570771486425,-0.7966390543749531,1.7310761663227086,0.0,0,0,1,0,0,0,0,0,0,0,0,0,Likuid,2
MLIA,0.5215160277745525,0.2842749173339011,-1.0875154547557246,0.33565566154681464,0.13356156342382883,0.5360506080836898,0.3020482406306624,-0.6432835835455104,-1.3566108247340047,-1.034847356546051,0.7280067256007019,-0.2698456811071204,-0.3417570771486425,-0.21130882901864992,1.4304633569264564,0.0,0,0,0,0,0,0,1,0,0,0,0,0,Menengah,1
SMAR,0.0701567282320939,-0.15200142293566837,-0.501400079577716,1.1059791365681915,1.611080671829657,-0.6520461730101889,-1.0500978769854787,-0.5439503621041957,-1.0474438231005718,-0.6717913705224701,0.929723719753613,-0.7601962759162486,-0.3417570771486425,-0.6015289792561854,1.5288076866825389,0.0,0,0,1,0,0,0,0,0,0,0,0,0,Menengah,1
HITS,-0.15127774379499603,-0.13606555611725718,0.7953604803027743,0.33482611293506187,0.0897054392968411,-0.3191930983991788,-1.0134459149377857,-0.19733925158829663,0.5249252943951818,0.12880039956326436,-1.979135393344337,-1.6208123860926207,1.333233790649138,0.7057085240395581,1.0984640593101787,0.0,0,0,0,1,0,0,0,0,0,0,0,0,Tidak Likuid,0
LMPI,-0.0945631329719877,0.09292104092046971,1.4780635933426558,-0.9954305942576938,-0.4072255572695674,-0.020014538099101097,0.07110844152953238,2.5247797767138302,1.6971216212818487,1.7590471357710435,-0.024996541188280697,1.075927835773347,-0.1434028954357474,-0.46495192667304797,1.3669929029704033,0.0,0,1,0,0,0,0,0,0,0,0,0,0,Tidak Likuid,0
HMSP,0.9599536691336875,1.0060036612633447,-0.7746997784843739,2.042892214690341,0.5543943527883464,0.9194280041113823,-0.45460483933623597,-0.6495870756213588,-0.6052772364099895,-0.6123500763989201,0.27184054291199256,0.4926618714225153,-0.3417570771486425,-0.3088638665780339,1.7213114810987,0.0,0,0,1,0,0,0,0,0,0,0,0,0,Likuid,2
MAIN,0.6883299222297239,0.6057528714709873,-0.8394288256858734,0.24007388789761264,0.667867481306319,0.5303127122025256,1.0624679573180318,-0.6437794796123485,-0.28624267384458385,-0.11727965934943155,0.17681679999829414,1.2562252796996798,-0.3417570771486425,-0.9332161069580904,0.4058688859215983,0.0,0,0,1,0,0,0,0,0,0,0,0,0,Menengah,1
INET,1.0609304692227912,1.1639512769589944,-0.7213184784139188,-0.2191173666500815,-0.6389091213485374,1.5423542451112688,3.123232358800015,-0.6477935164051263,1.830799313593771,1.6399709642925941,-0.28330754402983294,0.9920732831240402,0.010872579229837616,-0.3088638665780339,-1.075805850568976,0.0,0,0,0,0,0,0,0,1,0,0,0,0,Likuid,2
POLA,-0.47222552889918706,-0.6974772119721548,0.30708988029676937,-1.5158837658651982,-1.7524419953185235,0.08061946415095854,-0.3738092998207033,1.5344654783943743,1.0609532771694068,-0.25730417386175974,-0.11437751102964823,1.3547097493843225,-0.3417570771486425,0.9398406141820791,-0.6780111739433096,0.0,0,0,0,0,1,0,0,0,0,0,0,0,Tidak Likuid,0
MREI,0.026833817961352414,-0.10297174286758376,-0.10131981056225976,-0.37378227807775277,0.7785072404400049,-0.3801376721416188,-0.36732442088644024,0.37726342230241766,0.10361015347584113,0.561822411651009,-0.6446181744076666,0.12768247442708985,-0.29767837010133247,-0.621039986768062,1.8015213954387677,0.0,0,0,0,0,1,0,0,0,0,0,0,0,Tidak Likuid,0
BAYU,0.1766965084038209,-0.03924793598405837,-0.6224751736615189,-0.3658422983219441,1.0200136254653855,-0.26427867299440927,0.1126584435433753,-0.5933746323264719,-1.0923826895660764,-0.7662565027477604,0.6612835676466963,0.09280296339511422,-0.3417570771486425,-0.5039739416968015,1.7885018151400895,0.0,0,1,0,0,0,0,0,0,0,0,0,0,Tidak Likuid,0
SOTS,-0.42411774232078203,-0.40503511865237324,1.301025708473458,-0.591405410409305,0.10602285210161397,-0.6553126878044707,-0.9326009661070588,1.23287888725233,0.8788073839546209,1.440814054330511,0.360161366201073,-0.2996836143818531,-0.23156030953036746,-0.46495192667304797,-0.6835909940713144,0.0,0,1,0,0,0,0,0,0,0,0,0,0,Tidak Likuid,0
COAL,-0.04869826712307655,-0.3842645386924285,-0.721157730322461,-0.7161127540378317,-1.1475858311219092,0.3518701051593417,-0.12499109347996028,-0.3951868892679515,-0.16465468961041943,-1.0423137377191156,0.17192761156622027,-1.058103710863559,-0.3417570771486425,0.5496204639445441,-1.001408248862247,0.0,0,0,0,1,0,0,0,0,0,0,0,0,Menengah,1
CSAP,-0.27263313380193105,-0.4645877153554783,0.12033552399407932,0.42672920849915097,0.3401196622706331,-0.5357205041794106,-1.0635055263547448,0.9959166382571816,-0.275149770435653,-0.27794417041982006,-1.035900141497923,-0.8643909256641823,-0.29767837010133247,-0.5234849492086783,0.25009890734813445,0.0,0,1,0,0,0,0,0,0,0,0,0,0,Tidak Likuid,0
IBOS,0.26094926572561805,0.2785801338728666,0.11493700142430374,-0.5811373571796569,-1.1318512498106523,0.7794118217290013,0.8541108539733934,-0.4933252733983565,0.5794900863343461,1.4636015267030762,-2.4995544730866976,0.26818563273811175,-0.3417570771486425,-0.15277580648301975,-0.9700217606422208,0.0,0,0,1,0,0,0,0,0,0,0,0,0,Menengah,1
RONY,-3.5172664825753994,-0.3626475568131896,-0.2611785808537514,0.37793825223590183,1.194721182023249,-3.185741378482777,-1.122153201878401,3.0993260303692654,1.139310873465778,-0.9285324423642856,-0.31196251157578,-0.5445190335763516,3.118421426065194,1.7983249447046572,-0.796582351663409,0.0,0,0,0,0,0,0,0,1,0,0,0,0,Tidak Likuid,0
STTP,-0.4123278566617424,-0.6959613867544795,-0.02452638729916561,1.3210727864356262,2.356906469459867,-1.5574811632612435,-1.1178486364982854,0.2552936261961484,-0.06516834459591034,-0.6973289533257938,0.05002905584081731,-0.9079297440603055,0.3414628820846628,-0.07473177643551264,1.1830913312515827,0.0,0,0,1,0,0,0,0,0,0,0,0,0,Tidak Likuid,0
KOIN,-3.5172664825753994,-1.788532534879577,-0.2611785808537514,-1.3048176536468992,-0.777529290875971,-3.185741378482777,-1.122153201878401,2.8585592447540047,-1.3187305651096208,-1.7559768820197905,1.351851753173436,-1.267746750656145,2.5013195274028535,2.5592542376678513,0.2224322992134446,0.0,0,0,0,0,0,0,1,0,0,0,0,0,Tidak Likuid,0
BJTM,0.757860502427295,0.7096682063200267,-0.8186373500767762,0.9877716443878528,0.4667506586674417,0.7067962442177346,0.22090828733049492,-0.648708254030446,-1.1981747883341796,-1.037470462948082,0.9245074326554379,0.4110862786310869,-0.3417570771486425,0.061845276147624625,-0.13909354658019146,0.0,0,0,0,0,1,0,0,0,0,0,0,0,Menengah,1
JAST,0.02545026165281059,0.14019836566580446,0.9275296424344007,-1.349073454535728,-0.8914414263952063,0.33107754937148864,1.0059394125189427,0.39834160992580103,0.575962979920845,0.46169629818976615,0.562001217590974,0.05689972910573095,-0.3417570771486425,0.13988930619513174,-0.7200923174086782,0.0,0,0,0,0,0,0,0,1,0,0,0,0,Menengah,1
AMMS,-0.10406725773179187,-0.2245934696690363,0.13968685795579208,-1.4939768856374365,-1.1318512498106523,0.31706544004810616,0.8871312111888637,0.3021861847908719,1.1584221964553416,1.7455546199200875,-0.049308164985132893,-0.31644210602986234,-0.12136354191209243,-0.36739688911366414,-0.9935035036809072,0.0,0,0,1,0,0,0,0,0,0,0,0,0,Tidak Likuid,0
BKSW,0.039871637169616746,0.16348995518062417,0.941744392109968,0.3461695007060947,-0.8510433049310743,0.3348190056087999,-0.845463323789367,-0.29134254747386745,0.2816291378467383,0.30044884759246926,-0.39424566605982275,0.1862955499626748,-0.3417570771486425,0.2374443437545156,0.6795125646991608,0.0,0,0,0,0,1,0,0,0,0,0,0,0,Tidak Likuid,0
ESSA,1.0329009070211248,1.1211285011601928,-0.7330487837492905,1.2438057209510056,0.7007861091384155,0.9977715412334753,0.9430062071410569,-0.6492619503938879,-0.13113774270808748,0.12219930445250048,-0.33567934783079284,0.5213101473460298,-0.3417570771486425,-0.7966390543749531,-0.10142976071615992,0.0,1,0,0,0,0,0,0,0,0,0,0,0,Likuid,2
TAMA,-0.7210471344547695,-1.0790762341190099,0.16558701273567167,-1.755856053467318,-1.4517266811817116,-0.3677256669412966,-0.692961163281134,3.015182992721834,0.8715151275099442,-0.6022818531950763,-0.46412524601891947,0.2758425477880766,-0.23156030953036746,0.5496204639445441,-0.7828652938487308,0.0,0,0,0,0,0,0,0,1,0,0,0,0,Tidak Likuid,0
DPNS,-0.2176929274230676,-0.562958067958079,-0.5333377860900534,-1.1522934721365194,0.06652619210296723,-0.37129472258303975,-0.10910609490146848,0.24333751171801082,-0.5618231414701459,-0.20509941949769134,-0.5112290171253203,0.4218742173109488,-0.3417570771486425,-0.38690789662554087,1.722938928636035,0.0,1,0,0,0,0,0,0,0,0,0,0,0,Tidak Likuid,0
GMFI,-0.08829115247330765,-0.39178556014580723,-0.565131925276809,0.19628602236341686,-0.9126978993758402,0.2175221447390872,-0.9014936378894238,-0.27092619167987086,-0.09087950163456372,-1.0747875303790249,-0.32974788174036895,0.32950885516795597,-0.3417570771486425,0.41304341136140654,-0.5845491867992313,0.0,0,0,0,0,0,0,0,1,0,0,0,0,Menengah,1
FAPA,-0.08029436406806013,-0.5575140831793827,-1.0929019228830317,1.4065676986358941,1.8493203161893175,-0.9330345396205525,-1.1031286005604388,-0.5950089851765591,-1.9440157304470271,-1.7140684013552463,1.7910163439958524,-1.0787659677452042,-0.3417570771486425,1.0764176667652168,-0.8593553281034616,0.0,0,0,1,0,0,0,0,0,0,0,0,0,Tidak Likuid,0
ALDO,-0.12169622258824916,-0.34596390499268476,-0.23678720380983634,0.11966537545436616,0.4024355289197294,-0.38138246417244454,-0.9133978210068041,0.013949296711412339,-0.4362320350928834,0.12904687956550304,0.542368911838253,-1.3029825179068388,-0.31971772362498746,-0.6600620017918156,-0.05400128962812017,0.0,1,0,0,0,0,0,0,0,0,0,0,0,Tidak Likuid,0
ASMI,-0.35334922259731955,-0.6015763516133351,0.023060827032905268,-1.0831161173754364,-1.7973327009462232,0.22673482595288286,-0.5512650468832062,1.6359357839121735,1.3671075721932138,0.24941263119080315,0.31941812926712226,-0.05630858173040209,-0.31971772362498746,0.9398406141820791,-0.2676619020296325,0.0,0,0,0,0,1,0,0,0,0,0,0,0,Tidak Likuid,0
ATAP,-0.5361551164156507,-0.6619201872476991,0.8448900137354,-1.6039408859858215,-1.2907777002471528,-0.22860238423062781,-0.4932707034060936,2.06720539864098,1.0202848332731085,-0.6056099339353016,-1.3866289038403259,-0.006753544212076496,-0.31971772362498746,0.3349993813138994,-0.8537755079754568,0.0,0,0,0,0,0,0,0,0,1,0,0,0,Tidak Likuid,0
BKSL,0.7492661575235333,1.068727534831929,0.5692450996460734,1.1111810195724434,-0.836562599706976,1.2488364564652934,0.06638381913239805,-0.6241924525675254,0.8727992570453359,0.19535540980823787,0.38087251164249786,2.3821458331236167,-0.3417570771486425,-0.42592991164929445,1.1310130100568723,0.0,0,0,0,0,0,0,0,0,1,0,0,0,Likuid,2
CANI,-1.0765180618337395,-1.3141404254135634,1.306523584474996,-1.5771064187542334,-1.0188273070039455,-0.9965044694022933,-1.059698897054265,4.065644359587519,0.8539761573223208,-1.000025926571879,-0.44586285880359566,-0.9597901732083325,0.3194235285610077,1.0764176667652168,-0.2676619020296325,0.0,0,0,0,1,0,0,0,0,0,0,0,0,Tidak Likuid,0
BINO,0.22683447917825916,0.31943999892909886,0.48200458706640475,-0.5626705295831285,-0.3533458558683744,0.3644599075435459,0.561624416011243,-0.5746531785508638,1.3754770062943396,1.0678890615925627,-1.5064861163089478,-0.3139075432126462,-0.3417570771486425,-0.46495192667304797,-0.934915392336858,0.0,0,0,0,0,0,0,1,0,0,0,0,0,Tidak Likuid,0
KIAS,-0.6426323786038444,-1.0418793620740023,-0.11976695907334121,-0.5936773008629256,-1.5068325921542944,-0.2581237508354654,-1.0543157726211427,3.85352162875422,0.2441685851865283,-0.542407365982871,-0.3347736831159107,-0.7152184227610862,-0.2756390165776775,0.9788626292058331,1.35490329269306,0.0,0,0,0,0,0,0,1,0,0,0,0,0,Tidak Likuid,0
ABMM,0.8058770149032667,0.9387872948222875,-0.2720028713348093,1.0611951773039305,1.580107007116314,0.3218428883653286,0.31180747144335036,-0.6484744783919724,-0.7638597656658951,-0.7269323281201012,-0.10011387567542261,0.7162937290916548,-0.3417570771486425,-1.0697931595412278,-0.0881776879121489,0.0,0,0,0,1,0,0,0,0,0,0,0,0,Menengah,1
EDGE,0.05832974349159854,0.21281907041050788,1.0480406148406025,0.9793099706671783,1.664053127235207,-0.6862885225206827,-1.0338095548508057,-0.5090748839927485,0.8978263920892374,0.47107779747765793,-0.30521521995125,0.4857363406774712,-0.31971772362498746,-1.0893041670531045,-0.867492565790135,0.0,0,0,0,0,0,0,0,0,0,1,0,0,Tidak Likuid,0
FIRE,0.3447916357586178,0.2407195819998583,-0.4684060834881815,-1.0037002962926995,-0.645832023230977,0.6385419256658442,1.7194859871120067,-0.6103714025859291,-0.08642020099895187,0.507237649830102,-0.05918476215260397,0.6695600056058618,-0.3417570771486425,-0.38690789662554087,-0.5559526086432074,0.0,0,0,0,1,0,0,0,0,0,0,0,0,Menengah,1
GZCO,0.5687861349128824,0.5820300369766255,-0.36655324000134587,-0.2813706940802551,-0.5830554663957856,0.8959128044778938,1.4335016642948915,-0.636598026272644,-0.0820490527017253,0.3334517985624568,0.2316261544451568,1.3248997337612078,-0.3417570771486425,-0.6405509942799389,0.21406256902143767,0.0,0,0,1,0,0,0,0,0,0,0,0,0,Likuid,2
PSAB,1.3071099003030393,1.448271107305961,-0.9010100896405873,0.9634034407739338,0.08763450626632459,1.54977045184518,2.388415536133431,-0.65022068989744,1.1544889183792688,1.2366145964769875,-0.4540077562376076,0.9250203258482446,-0.3417570771486425,-0.9137050994462137,0.6441737038884646,0.0,1,0,0,0,0,0,0,0,0,0,0,0,Likuid,2
PZZA,0.07613790284898575,0.10870128366940447,0.47999350620401865,-0.3538406207772597,-0.26181347556197276,0.16559831459026866,-0.1380614454905363,-0.46893159585677274,0.5866859522487045,0.7061234277784172,-0.8387606154995758,-0.19541270242471545,-0.3417570771486425,-0.621039986768062,-0.6368600004992752,0.0,0,1,0,0,0,0,0,0,0,0,0,0,Tidak Likuid,0
KAYU,-3.5172664825753994,-5.365806350172516,-0.2611785808537514,-1.8299314915543101,-1.5674578790932507,-3.185741378482777,-1.122153201878401,-0.5093340294860225,-2.390142587806191,-1.948357512943425,2.163049600528397,-1.2532103459746864,4.859530354433939,3.1640954705360307,-0.7314844501700211,0.0,1,0,0,0,0,0,0,0,0,0,0,0,Tidak Likuid,0
ASPI,0.3636702542831785,0.3744191526140681,-0.07272170565866941,-0.9962688378056036,-0.17267312667935658,0.4749811861489182,1.8087304036758711,-0.5025865031967917,1.6123785784472358,1.1500086452891127,-2.064308024103733,1.522593644319661,-0.16544224895940243,-0.6990840168155692,-0.7844927413860654,0.0,0,0,0,0,0,0,0,0,1,0,0,0,Tidak Likuid,0
SURI,0.7387695629056853,0.777771095341681,-0.5122134046711037,-0.42879072544998176,-0.7995588939186942,1.1810838473737162,2.2936148464637593,-0.6350068451901117,0.7417455769264029,0.8418531393240395,-1.1195137507416777,-0.43085154183663693,-0.3417570771486425,0.49108744140891364,-1.107424831294336,0.0,0,0,0,0,0,1,0,0,0,0,0,0,Menengah,1
WIDI,-0.03751488676546921,-0.30024122917609913,-0.49451932383647196,-1.8299314915543101,-1.7106497482184944,0.6010329721907182,1.5382758031736394,-0.1420191464353932,1.0823713485535587,2.3334876983368864,-0.09958902329225858,-0.26912662818886657,-0.3417570771486425,0.6471755015039279,-1.0725509554943067,0.0,0,0,0,0,0,0,1,0,0,0,0,0,Tidak Likuid,0
ASSA,0.7357910548872161,0.6898581677942938,-0.7851002152003086,0.4503961575491176,0.6309452491862467,0.6286818156038729,0.9842484354061418,-0.6450884672716704,-0.30116857861843893,-0.15026726078744157,-0.21523499739864746,1.9635288213117992,-0.3417570771486425,-0.6795730093036925,-0.16769012473621545,0.0,0,0,0,0,0,0,0,0,0,0,0,1,Likuid,2
PCAR,-1.1901988013361176,-0.7304572706553701,4.125396901491711,-1.376009612921287,-0.969351058498508,-1.1879772354978406,-1.1009711426277233,-0.3463156656993963,-0.41261200080490956,-1.7657198259627689,-0.7130154946391918,-1.3488913563163545,-0.0772848348647824,2.5397432301559744,-0.6031485872259136,0.0,0,0,1,0,0,0,0,0,0,0,0,0,Tidak Likuid,0
FORU,0.4103084671792315,0.392702251770971,-0.2503315200680624,0.0719681091755024,1.4064913712104068,-0.11593483181324828,0.3227319543794034,-0.5353203080227428,2.3292837190751823,1.957775653388477,-2.4995544730866976,1.985399610135748,0.20922676094273265,-0.7966390543749531,0.7511202563418875,0.0,0,1,0,0,0,0,0,0,0,0,0,0,Tidak Likuid,0
PTPP,0.9759891620402914,1.0720581969752017,-0.6354628895918899,0.4229752786981591,0.28279584994797824,1.070161782229977,1.9566064809546777,-0.6479163240340915,0.27174270962093316,0.3019985509502618,-0.774520876502016,2.8587185835615685,-0.3417570771486425,-1.0893041670531045,0.06642982813464726,0.0,0,0,0,0,0,0,0,1,0,0,0,0,Menengah,1
MASB,-0.7707831901100027,-0.7354366323657703,2.0233630643632052,0.721657885743676,1.565815637747392,-1.6962767197728983,-1.119828389465145,1.050274032352148,-0.8664704823846179,-1.0906880747959617,1.452376016634386,-1.492262025567793,1.421391204743758,0.9593516216939558,-0.900506501547496,0.0,0,0,0,0,1,0,0,0,0,0,0,0,Tidak Likuid,0
DADA,-0.16377401896191848,-0.4082868120219341,-0.2502236120140305,-1.366906581320344,-2.020081001525476,0.5817623779151035,0.3475198090176516,0.6095459343927581,2.132031033667377,1.7288313441827283,-0.3509933148278867,-0.23090944740631375,-0.20952095600671244,1.4276158019789986,-0.7837952638700648,0.0,0,0,0,0,0,0,0,0,1,0,0,0,Tidak Likuid,0
CTRA,1.1418552725371547,1.1775252721717344,-1.013969690350144,1.377062647092423,0.8247699677673325,1.0425383438688176,1.0229982394112898,-0.6498670181211963,-0.45273741521177097,-0.1648036752585414,-0.5335074624195885,1.214314797381454,-0.3417570771486425,-1.0112601370055976,1.4141888815531096,0.0,0,0,0,0,0,0,0,0,1,0,0,0,Likuid,2
SMIL,1.2190099325378498,1.2550328339495431,-1.0938679347878648,0.31634002669626204,-0.059581354823654537,1.486619816605132,3.0187426561626367,-0.6494829079374177,1.834190219378297,1.3424090776875872,-1.7508893425590635,0.8531507193102066,-0.31971772362498746,-0.8551720769105833,-1.0588338976796285,0.0,0,0,0,0,0,0,1,0,0,0,0,0,Likuid,2
MGRO,0.7870753133648329,0.6538382793266204,-1.0900322737249635,0.4082698632177734,0.6005864892447952,0.6847837092816145,1.1831774356188436,-0.648243470020115,-1.134869252195732,-0.6561739514752737,1.471687798805419,-0.791436858757604,-0.3417570771486425,-0.46495192667304797,-0.6484846257659516,0.0,0,0,1,0,0,0,0,0,0,0,0,0,Menengah,1
BELI,0.40078292106307717,0.2607047759472962,-0.6640684432867167,1.9279498899124659,0.35096106702939917,0.30734297574738356,-1.045625575481508,-0.624100205378097,-1.6976482271663602,-1.2512611701186478,1.123052360329729,-1.1380442195863594,-0.3417570771486425,1.2520167343721076,-1.015822784192926,0.0,0,0,0,0,0,0,0,0,0,1,0,0,Tidak Likuid,0
SHIP,-0.12882211929280238,-0.01132978288806227,1.2166905852012408,0.5541591094617901,0.9467723380201885,-0.6703182590206841,-1.051397183267046,0.6983599167056584,0.5927478964812412,1.2798465156460934,-0.3190125568940261,-0.047062965029616724,-0.18748160248305742,-0.5234849492086783,-0.4727202917338043,0.0,0,0,0,1,0,0,0,0,0,0,0,0,Tidak Likuid,0
NISP,0.899289942335801,0.8848895482708886,-0.8845291170064509,1.620168396825764,1.0087832830132732,0.6617929449680073,-0.14961720804226228,-0.6498138342863443,-1.4648532919521664,-1.1202923567446539,1.3508203509517513,-0.2608928356426622,-0.3417570771486425,-0.5429959567205551,1.3662954254544029,0.0,0,0,0,0,1,0,0,0,0,0,0,0,Likuid,2
TYRE,-0.1429325428232872,-0.4052684844363312,-0.3457660540996869,-0.3948638034046325,-0.39790618389234805,-0.09276795643081553,-0.6786834865095619,-0.3847621086894607,-1.2900973034491408,-0.19786993147935802,1.0641964057369087,-0.9274974838075447,-0.3417570771486425,-0.03570976141175921,-1.0579039276582944,0.0,0,1,0,0,0,0,0,0,0,0,0,0,Tidak Likuid,0
KPIG,1.0405633450355574,1.1597204979707063,-0.6434506775253744,1.274234108041969,-0.30784173517922575,1.3746076549656248,0.7824178816986169,-0.6486305625248568,0.7549044732350016,1.0121218020527312,-0.8538018978991433,1.914698713179053,-0.2756390165776775,-0.6015289792561854,0.9041003248513491,0.0,0,1,0,0,0,0,0,0,0,0,0,0,Likuid,2
RSCH,0.535611427237332,0.38295467062154587,-0.8683290504288061,-0.07018411723424946,0.17445574168416786,0.5205304680383784,0.906853180209711,-0.5986639042624188,0.1016328436764287,0.32200553976664054,-0.0933351851943571,-0.3708209602129739,-0.3417570771486425,-0.7771280468630763,-1.0839430882556496,0.0,0,0,0,0,0,1,0,0,0,0,0,0,Menengah,1
SLIS,-0.03589572168856526,-0.15803474045621346,0.02542732888260796,-1.0179357407528924,-0.969351058498508,0.260978989124431,0.22316084501726363,-0.6349656601570238,-1.492783201043633,-1.1720519266169382,1.3193538424935762,-1.269293953816917,-0.3417570771486425,2.169034087430316,-0.7535712381767062,0.0,0,1,0,0,0,0,0,0,0,0,0,0,Menengah,1
NAYZ,0.04544066674494455,-0.03577406854226028,0.06025358898846899,-1.0849025594425867,-1.0727070084051382,0.422128611752212,0.6457446347233832,0.10329816704691232,1.127081034606295,1.2382243066011116,-1.9487337465608936,-0.029199123930331625,-0.1434028954357474,-0.17228681399489648,-1.0367471096729435,0.0,0,0,1,0,0,0,0,0,0,0,0,0,Menengah,1
MBTO,-0.081862960963244,-0.011112013584408815,0.9204678550047207,-1.1305379016346366,-0.6119825852390283,0.07802994665829753,0.287683648401759,0.33197593660485586,-0.014792640075935963,1.2226659801345148,0.025056801922884956,0.3772449056721159,-0.3417570771486425,0.10086729117137831,-0.012152638668085174,0.0,0,0,1,0,0,0,0,0,0,0,0,0,Tidak Likuid,0
SPRE,0.8592786599523888,0.811241446511247,-0.9360160725035672,-0.9146432386398018,-0.16633016483299715,1.0882942354402594,3.123232358800015,-0.5679392635105374,0.6990840404123568,1.026244438414297,-2.3272383900435223,-1.1679216450595655,-0.3417570771486425,-1.0697931595412278,-1.1560157649090435,0.0,0,1,0,0,0,0,0,0,0,0,0,0,Tidak Likuid,0
EURO,0.23663376978931108,0.7277102086699113,2.3003075136519793,-0.4209313723721955,-0.2436214980958287,0.3730945718444721,0.5061934581387243,-0.36162058087978366,0.8379262910129232,1.2011355950780942,-1.7374692211325835,0.1584884415002966,0.09902999332445762,-0.6990840168155692,-0.9944334737022413,0.0,0,0,1,0,0,0,0,0,0,0,0,0,Tidak Likuid,0
RUIS,-0.026135853840427357,0.0015981749907443105,0.6332906550536761,-0.9859503867934221,-0.23296291246245512,-0.012796750119784917,0.26343596921771173,-0.44740331686056223,0.10333959269076073,-0.18286228508582794,0.7137778022641863,-1.3495319466639577,-0.3417570771486425,-0.4064189041374177,0.3705300251109022,0.0,0,0,0,1,0,0,0,0,0,0,0,0,Tidak Likuid,0
PBSA,0.2683026287977037,0.10359893817105482,-0.5724386609272586,0.011539739691074524,0.20255340786411816,0.19598056418174506,-0.06299011495718836,-0.6140899498236669,-0.6023734271573467,-0.45778409623420274,0.9585437059710308,0.5509529719052854,-0.3417570771486425,-0.2698418515542803,-0.4968995122884913,0.0,0,0,0,0,0,0,0,1,0,0,0,0,Menengah,1
WMPP,-3.5172664825753994,-5.365806350172516,-0.2611785808537514,-0.5134242742528076,-1.7973327009462232,-3.185741378482777,-1.122153201878401,-0.5093340294860225,-2.390142587806191,-1.948357512943425,2.163049600528397,-1.2532103459746864,4.859530354433939,3.1640954705360307,-0.937472809895527,0.0,0,0,1,0,0,0,0,0,0,0,0,0,Tidak Likuid,0
SMMA,-0.25507154174519214,-0.08020325677799016,1.7169697610668324,2.1847894798290093,2.356906469459867,-1.403817171957858,-1.1205058721401817,-0.4577815778216523,-0.5937150849794179,-0.818386862624681,0.500126500348899,-1.1192002944976247,0.20922676094273265,2.169034087430316,1.3063123590783527,0.0,0,0,0,0,1,0,0,0,0,0,0,0,Tidak Likuid,0
PRAY,-0.36679007903499466,-0.8412903695698553,-0.7625632593007124,1.0194199725372342,0.5447176722250009,-0.7629696904076392,-1.1122903441842547,0.07572829210788783,-1.3695935884413633,-0.8647995614270466,1.5123561400832413,-0.8725633205668804,-0.3417570771486425,0.12037829868325503,-1.015822784192926,0.0,0,0,0,0,0,1,0,0,0,0,0,0,Tidak Likuid,0
AMIN,-0.523219940667733,-0.6522730603922692,0.8075986583548013,-0.9061895180177417,-0.3364007699239955,-0.5984594814974586,-0.9053612974605673,1.4027761088735804,-0.10074405514480804,-0.05227609461771407,1.2897504825625299,-0.48111653652679853,-0.3417570771486425,-0.28935285906615704,-0.42877920822576754,0.0,0,0,0,0,0,0,1,0,0,0,0,0,Tidak Likuid,0
GWSA,-0.17086343442445892,-0.3123046533595188,0.16192942264135918,-0.022832131052343118,-0.41669055173563435,-0.1326735805780452,-0.9241532225072497,0.06706144901604318,-0.9680820319504189,-0.5461593517764781,0.5875827069051257,-0.35983171056994306,-0.3417570771486425,-0.32837487408991056,-0.09213006050281876,0.0,0,1,0,0,0,0,0,0,0,0,0,0,Tidak Likuid,0
BKDP,-0.5994504794498863,-0.6779909067809569,1.1709075424694209,-0.5448497968348853,-1.0451682970829235,-0.40942508748128553,-1.0490778696151897,2.697027153268813,-0.005289975869072054,-0.9237534437935979,-0.5502193571768753,-0.25230243558921295,-0.16544224895940243,0.6471755015039279,0.2919475583081696,0.0,0,0,0,0,0,0,0,0,1,0,0,0,Tidak Likuid,0
PTMP,0.4182930456233591,0.5654266329489551,0.3923233522394747,-0.7864877250656036,-0.8318116159685682,0.7786938983256015,1.562784434364245,-0.6144832301951653,0.7794743693404406,0.9243982061624705,-0.5185961758516391,0.07289110668353388,-0.3417570771486425,-0.32837487408991056,-1.0432568998222822,0.0,0,0,0,0,0,0,1,0,0,0,0,0,Menengah,1
WTON,0.40301712711133,0.41470532722567965,-0.12900503257717594,-0.15269929039881885,-0.645832023230977,0.6991426997685974,0.56435777201919,-0.6136689653596992,0.43496352576738295,0.5188444574245946,-0.6721147628397817,2.0475751243011486,-0.3417570771486425,-0.5625069642324318,-0.28672628746698187,0.0,1,0,0,0,0,0,0,0,0,0,0,0,Menengah,1
VISI,0.5668434343933308,0.5652499407920861,-0.4167636140015683,-0.34549089791482956,-0.26181347556197276,0.7539779062614118,1.5089023796243257,-0.5672864232436734,1.4513200557688584,1.1765731854215185,-2.4995544730866976,0.7159845191353512,-0.29767837010133247,-0.9137050994462137,-1.1264892167316853,0.0,0,0,0,0,0,0,1,0,0,0,0,0,Menengah,1
WIKA,0.7138963611934347,1.0434797428118947,0.673871152280568,1.0148515383651655,-0.09498340647588008,0.825634591128683,-0.09416015049442635,-0.647134130789148,0.18672275820287929,-0.236085973382013,-1.1675107312501232,0.47704572841151693,1.9062569822641684,0.6861975165276814,0.26032857758280986,0.0,0,0,0,0,0,0,0,1,0,0,0,0,Tidak Likuid,0
PANI,1.4723821225128235,1.669713376568001,-0.9274272462721646,2.510260308077351,2.3134662057149895,0.8472260030807,0.5183261910492889,-0.6503937262299975,0.9298241929280713,1.1132497450352126,-1.0874367761586934,2.952368196853509,-0.3417570771486425,-1.1673481971006114,-0.6642941161286314,0.0,0,0,0,0,0,0,0,0,1,0,0,0,Likuid,2
SMDM,0.3260111517164847,0.2990827159763539,-0.1601765502374426,0.47936031060733414,0.5121562366775338,0.11014420634102182,-0.48292476312063454,-0.5926092577061745,1.592294514012155,0.6147278060340151,-2.0473198494108464,0.5765328360683736,-0.011166774293817405,0.15940031370700847,1.2832956010503334,0.0,0,0,0,0,0,0,0,0,1,0,0,0,Tidak Likuid,0
IPCM,0.18025362681483437,-0.13110515290794597,-0.9214342922063643,0.1557606041042708,0.04242456620624781,0.136840868118075,-0.4805406779244492,-0.6131774796737559,-1.4854799664260996,-1.17997898092355,1.5362149002995633,-0.4049120996580609,-0.3417570771486425,0.3349993813138994,-0.6015211396885788,0.0,0,0,0,0,0,0,0,1,0,0,0,0,Tidak Likuid,0
KINO,-0.37243988597978794,-0.7295538772774112,-0.3603985876006393,0.24367478019372912,0.9442557273317833,-0.9344749227486523,-1.074935912489032,0.40424432820212824,-0.9167617462720066,-0.741232497093505,0.7854662335264778,-0.8146169798607412,-0.20952095600671244,-0.03570976141175921,-0.429011700731101,0.0,0,0,1,0,0,0,0,0,0,0,0,0,Tidak Likuid,0
BABP,0.48211210430871987,0.5221875328285798,-0.1400079582107488,0.4002243081241182,-0.9236125608200098,0.9225950718425147,0.08188578089101368,-0.6389030924902868,-0.19252299771463763,-0.029982200597003864,-0.035980708566376585,0.07434961123995612,-0.3417570771486425,0.6471755015039279,0.709504097887186,0.0,0,0,0,0,1,0,0,0,0,0,0,0,Menengah,1
CASS,0.23384129562090386,0.0667969535423206,-0.5342623459163989,0.6155278692796619,1.184630765670763,-0.25183959416073404,-0.721197762225056,-0.5549160466475077,-0.1822517943655526,0.1994619176262775,1.3867837178920708,0.021149736998163197,-0.3417570771486425,-1.050282152029351,-0.08794519540681531,0.0,0,0,0,0,0,0,0,1,0,0,0,0,Tidak Likuid,0
GPRA,0.38037756121656213,0.6750508981607702,1.1065123215863952,-0.45630261975116054,-0.5989552590326038,0.6562085183933326,0.9570043890411986,-0.6233314931787355,-0.41700212907518397,-0.02645399902364064,0.360161366201073,0.5080854020755987,-0.3417570771486425,-0.016198753899882234,0.26474593518414663,0.0,0,0,0,0,0,0,0,0,1,0,0,0,Menengah,1
SMBR,0.423922526571028,0.6998848777304005,0.9441149796532563,0.37706482464663466,-0.059581354823654537,0.5004298756711645,-0.046421600495518155,-0.6210521979175397,0.4663643883421308,0.630320691293033,-0.3134702862404797,1.9882800558249694,-0.3417570771486425,-0.7966390543749531,-0.2206984159522598,0.0,1,0,0,0,0,0,0,0,0,0,0,0,Menengah,1
BIKA,-3.5172664825753994,-5.365806350172516,-0.2611785808537514,-1.6551496045448377,-0.9126978993758402,-3.185741378482777,-1.122153201878401,-0.5093340294860225,-2.390142587806191,-1.948357512943425,2.163049600528397,-1.2532103459746864,4.859530354433939,3.1640954705360307,-0.39413782493107175,0.0,0,0,0,0,0,0,0,0,1,0,0,0,Tidak Likuid,0
DRMA,0.49843631704177543,0.3467158159661702,-0.8215959262060264,0.717813324133842,0.8216904119661442,0.22630249801251154,-0.24765896160948545,-0.636500555496951,-1.1281102121267594,-0.7223084948704513,0.6928118449656083,-0.3178717866307771,-0.3417570771486425,-0.621039986768062,-0.9407277049701963,0.0,0,1,0,0,0,0,0,0,0,0,0,0,Menengah,1
AYAM,1.0830105362419475,1.0625021941765003,-1.100999278546567,-0.2788687843837254,-0.3364007699239955,1.4502566393216207,3.123232358800015,-0.649999638779416,-0.7376069388795843,-0.274101522953992,1.3475972190089869,-1.215865353715341,-0.3417570771486425,-0.46495192667304797,-1.1057973837570014,0.0,0,0,1,0,0,0,0,0,0,0,0,0,Likuid,2
APIC,0.8390515064176226,0.7664474197367037,-0.9825928447313309,1.2122309912992124,0.8915946687911196,0.6347555317570207,0.18437351634786878,-0.6487516696955287,-1.141342430447178,-0.8183860545565869,1.1273841126883979,-0.6873159317707361,-0.3417570771486425,-0.2698418515542803,0.6732352670551556,0.0,0,0,0,0,1,0,0,0,0,0,0,0,Menengah,1
MSTI,0.5304661667057033,0.46381740199402693,-0.5911221601619577,0.724535899135039,1.075274325417995,0.1501058246048308,-0.1942796335414187,-0.6376253782009228,-0.8511409919205424,-0.6136970133157601,0.772333375097204,0.15239473675449544,-0.3417570771486425,-0.9137050994462137,-1.1006825486396636,0.0,0,0,0,0,0,0,0,0,0,1,0,0,Menengah,1
SSMS,0.9858257940990937,0.9421750849294906,-1.0612379643723033,1.177946125959222,0.9761833242626446,0.7846389389307056,0.7476460850803178,-0.6489661820423785,0.5997160880902187,0.4114356171417185,-0.15394670794861048,-0.42508693653874374,-0.31971772362498746,-0.87468308442246,-0.25952466434295907,0.0,0,0,1,0,0,0,0,0,0,0,0,0,Likuid,2
KOCI,-0.30344590596648807,-0.14408652506623712,1.7340660952797158,-0.7383122916809529,-0.969351058498508,-0.06753077778596213,-0.7236355758277832,-0.5447788134239544,-1.0581186697101574,-0.9110394579788882,1.57045377048013,-0.9916290412813092,-0.3417570771486425,1.7397919221690266,-1.0932427884689908,0.0,0,0,0,0,0,0,0,0,1,0,0,0,Menengah,1
SHID,-0.28627551991603123,-0.3777183738710155,0.5625486496403213,-0.0005066035480580566,0.7834602305979954,-0.7414698435186869,-0.9973671721344064,0.20089127031609885,1.2085247570469195,1.1558808994098344,-0.664310603532737,0.20813136524857093,-0.29767837010133247,-0.7771280468630763,1.7443282391267196,0.0,0,1,0,0,0,0,0,0,0,0,0,0,Tidak Likuid,0
SMGA,0.6754887696901369,0.556986546509767,-0.9297739957780325,-0.20376686774959063,-0.7119792018393107,1.1043628796469243,1.7935939844601974,-0.6428808453236258,0.13802950383085086,0.3051989959574479,-0.36192393619900093,0.6404038335545807,-0.3417570771486425,0.022823261123871195,-1.1199794265823464,0.0,1,0,0,0,0,0,0,0,0,0,0,0,Menengah,1
PPRO,-3.5172664825753994,-0.4527020317976668,-0.2611785808537514,0.10935986685635028,-1.4786532172912206,-3.185741378482777,-1.122153201878401,-0.3895535552740726,-0.18357636756206605,-1.594468265947777,-0.6023976063635151,-0.860030021576443,3.713483971203879,2.461699200108467,-0.3811182446323942,0.0,0,0,0,0,0,0,0,0,1,0,0,0,Tidak Likuid,0
SIPD,-0.7972005065280688,-1.0364190497427441,0.7993598938451904,0.17933626185946247,0.7101371333868584,-1.352255809349319,-1.1151565200613898,1.754049866171144,-0.7540655891658936,-0.7557411883123428,0.2923059017485739,-1.3397951584457763,0.3414628820846628,0.12037829868325503,1.1805339136929138,0.0,0,0,1,0,0,0,0,0,0,0,0,0,Tidak Likuid,0
PNBN,0.9698213914282885,1.0589026204358232,-0.6503480555905593,1.7140345525696192,1.0981956130370671,0.7089536564316583,-0.06789777722464503,-0.6486581535714845,-0.042000045392443064,-0.007021266417518171,-0.3685040615020103,1.3223604660136858,-0.3417570771486425,-1.147837189588735,2.365541238602745,0.0,0,0,0,0,1,0,0,0,0,0,0,0,Likuid,2
SGER,0.4573202036846127,0.6779062463264507,0.6408625633135933,0.8118010489559443,0.21612814561011615,0.4140354588005844,-0.46541558258721577,-0.637331953142023,-0.28846879839273054,0.05179932770353352,-0.6071248665462363,-0.3002458492380546,-0.3417570771486425,-0.32837487408991056,-0.825178929819433,0.0,0,0,0,1,0,0,0,0,0,0,0,0,Likuid,2
ENZO,-0.7679329924616306,-1.17635856989652,0.037663789999211626,-1.2512188935222694,-1.1803369055827928,-0.5892891838613592,-1.0025960171772281,2.693926046868454,0.30502213019082275,-0.6749587936775256,-0.09958902329225858,-1.1959262424006745,-0.31971772362498746,0.9008185991583257,-0.8333161675061064,0.0,0,0,1,0,0,0,0,0,0,0,0,0,Tidak Likuid,0
BIKE,0.5351842680254129,0.4192839104760921,-0.7561845356709418,-0.15624611921804646,0.4991512863025739,0.4203142377513175,1.1423179309179268,-0.6377671780165106,-0.6038104336475496,-0.2970446921977682,-0.02789825112532436,0.7839188655350884,-0.3417570771486425,-0.15277580648301975,-0.9618845229555473,0.0,0,1,0,0,0,0,0,0,0,0,0,0,Menengah,1
CMRY,0.9507735879051273,0.9820834310454736,-0.8087899038870563,1.7440866140417801,1.8022574547020067,0.40333975055002796,-0.1429683000676298,-0.6486768384567816,-0.5986172180643458,-0.3727669579358787,0.5085907497965398,-0.25901630314046864,-0.3417570771486425,-1.0307711445174743,-0.937472809895527,0.0,0,0,1,0,0,0,0,0,0,0,0,0,Likuid,2
ARKA,-0.26756821570878747,-0.5693273430395084,-0.3099677737673018,-1.607256571316643,-1.5674578790932507,0.2638205548348629,0.36998804576618854,0.6197111758933453,1.0708543574749398,-0.36101640944590563,-0.9480785072250042,-0.3722013708898226,-0.3417570771486425,0.4325544188732833,-0.7328794052020223,0.0,0,0,0,0,0,0,1,0,0,0,0,0,Tidak Likuid,0
GOLF,0.5689690424877991,0.6067860698947041,-0.2773279118329291,0.6740451579807911,-0.09218549239566352,0.6876263443478592,0.0012711872676212722,-0.6422877881570142,-0.9296140274061729,-0.39545160339877033,0.8374633360678109,-0.4830312915398032,-0.3417570771486425,-0.1917978215067732,-1.157178227435711,0.0,0,1,0,0,0,0,0,0,0,0,0,0,Menengah,1
BBSS,0.014009861875790829,-0.08641228699911023,0.033303494733584516,-0.04380257407139024,-0.15075739661777843,-0.0007081063582697325,-0.6619621820448401,0.17365776682776218,0.6542230585605529,1.406538538698357,0.10068219199883531,0.01700374064000494,-0.31971772362498746,-0.7966390543749531,-0.79797730669541,0.0,0,0,0,0,0,0,0,0,1,0,0,0,Tidak Likuid,0
TMPO,0.16051293370227068,0.4039502573296595,1.2698932053101482,-0.9109341848896674,-0.33016660867450054,0.282322297187941,0.8766640789150689,-0.3086967363849513,2.15553411515553,2.4734183932121563,-1.0891163147764915,1.6559551440382454,-0.1434028954357474,-0.7381060318393228,0.8380724533366269,0.0,0,1,0,0,0,0,0,0,0,0,0,0,Tidak Likuid,0
HALO,0.3427723494530906,0.28727968442647833,-0.2916571417155202,-0.532849842875227,-0.8608930718939866,0.7091183908857859,0.9082074844344314,-0.6056469838434838,0.2567023981184185,0.6655752515066242,0.17760032378548565,-1.5486589371766752,-0.3417570771486425,0.45206542638516023,-1.0372120946836103,0.0,0,0,0,0,0,1,0,0,0,0,0,0,Menengah,1
MLPT,0.5022719180126873,0.5528521611420615,-0.13031931277079303,0.2680479542645961,0.8104725483859623,0.25707924468931137,0.3955153367579953,-0.6116737820363845,2.038697152948051,1.2755075061951395,-0.8597522953319396,0.3135123186767003,0.054951286277147654,-0.7966390543749531,-0.2230233410055952,0.0,0,0,0,0,0,0,0,0,0,1,0,0,Menengah,1
DOID,0.7891660635452845,0.75378141504388,-0.8173268463581461,0.6424190525136291,0.4325185386731159,0.7345258270222433,0.7603343043118584,-0.6444694506076007,-0.07888606012955672,0.31213599097648914,-0.958206737441328,0.7968475137907328,-0.3417570771486425,-0.9527271144699672,0.8013386374939295,0.0,0,0,0,1,0,0,0,0,0,0,0,0,Menengah,1
BSIM,-0.41538694631972517,-0.6804612168552671,0.053510602149307196,1.3311775882570733,0.735577172256114,-0.8970003540129327,-1.118025421731861,0.48057266919091784,-0.46092009644587995,0.11874772616918518,1.077546958570824,-0.848515379474518,-0.3417570771486425,0.15940031370700847,-0.004945371002745817,0.0,0,0,0,0,1,0,0,0,0,0,0,0,Tidak Likuid,0
TPIA,1.4470635159017635,1.6006180607968035,-1.0214722650266383,2.658369671141734,2.1376846812651373,0.891365534415842,-0.3681163891227786,-0.6504230588413463,0.5439645725757085,0.2714614691450367,-0.5438351949234513,2.8596454433602143,-0.3417570771486425,-1.1673481971006114,0.21150515146276883,0.0,1,0,0,0,0,0,0,0,0,0,0,0,Likuid,2
SWID,-0.25311747934496803,-0.3087520687703569,0.6609708644587877,-0.5029958071480284,-0.7950884136913955,-0.05488842486559861,-0.7679980437245161,0.10266344446848158,0.27951030233927543,0.40564157080014246,0.4346450962209518,-1.0156884350607633,-0.3417570771486425,0.15940031370700847,-0.9869937135315684,0.0,0,1,0,0,0,0,0,0,0,0,0,0,Tidak Likuid,0
TOOL,-0.2039525386973767,-0.38865083591322613,0.040777656499219946,-1.0964454550588756,-0.9575886050035398,0.06567003789908882,-0.14607028949986597,0.07659495090655104,-1.2005792972835938,-0.5896323667935407,1.4838169532216114,-0.9646094187909257,-0.3417570771486425,0.9203296066702025,-0.9946659662075749,0.0,0,1,0,0,0,0,0,0,0,0,0,0,Menengah,1
PTSP,-0.1799854627874294,-0.43365985449414063,-0.2604345501668579,-0.7887304062269055,0.7701611822403094,-0.6029844015506529,-0.38897195786131616,0.9811394253411037,0.37190784131262195,1.3788852716250157,-0.5494196905226738,-0.5050337734735483,-0.3417570771486425,-0.9332161069580904,1.3995418537170974,0.0,0,1,0,0,0,0,0,0,0,0,0,0,Tidak Likuid,0
MDKI,-0.1559925094995076,-0.5466567943434536,-0.7609846978235182,-0.4216115728765901,-0.24004775722018462,-0.16145496249015515,-0.6642542052324656,-0.4105398721242228,-1.5997611941713268,-1.0027894355759752,0.8912396551128651,-0.5224371026966993,-0.3417570771486425,0.17891132121888542,-0.5810617992192284,0.0,1,0,0,0,0,0,0,0,0,0,0,0,Tidak Likuid,0
BINA,0.2298064861761437,0.17395310111738616,-0.12544937301373493,1.5303911289306715,1.694039319584643,-0.47160001033500687,-1.051643845118016,-0.6137921707692636,-1.6674535126142362,-1.2896149981482088,1.8623153889042172,-1.3042623706194338,-0.3417570771486425,-0.21130882901864992,-0.2676619020296325,0.0,0,0,0,0,1,0,0,0,0,0,0,0,Tidak Likuid,0
UNIC,-0.2821318681174615,-0.5050033271174178,0.012013465445951905,0.5162961351964016,2.0853836057541786,-1.2847188158138398,-1.079073543860918,-0.11282004746788322,-1.0363808360510813,-0.9264293010289291,1.1205773549984615,-1.0523785116080102,0.09902999332445762,0.003312253611994481,1.7868743676027552,0.0,1,0,0,0,0,0,0,0,0,0,0,0,Tidak Likuid,0
INKP,1.2027593365843472,1.3105824603106064,-0.8778917196789867,1.7083073435275096,1.982197904359539,0.6574614528401853,0.7787711133913982,-0.6502251642059758,-0.3248486384646933,-0.37930970651239515,-0.6492695929210051,1.5532953439435986,-0.3417570771486425,-1.1088151745649815,1.7282862562587058,0.0,1,0,0,0,0,0,0,0,0,0,0,0,Likuid,2
CMNP,0.24252189907669033,0.4026796891488955,0.7480244080841474,0.9821265370918221,1.0681225620431605,-0.1913839382995216,-0.9011748172258565,-0.5049615330666501,0.6647565487810927,-0.22056895983991912,-1.5636865598926937,0.29183690016051816,-0.20952095600671244,-0.2503308440424036,1.3472310400170535,0.0,0,0,0,0,0,0,0,1,0,0,0,0,Tidak Likuid,0
DOOH,1.0296523804680944,1.0671760341360945,-0.8833815430799266,-0.22099374049676843,-0.6599198051915263,1.54977045184518,3.123232358800015,-0.6488875304415845,1.1905058338006835,1.399300409076029,-0.5833255566608123,1.647116847926062,-0.31971772362498746,0.061845276147624625,-1.0579039276582944,0.0,0,1,0,0,0,0,0,0,0,0,0,0,Likuid,2
STAA,0.9748147015121366,0.9195090945479727,-1.0803809783250313,1.0436773957278025,0.7248048553834878,0.8763257902989456,0.9196972199083467,-0.6496405979954286,-1.029521590331689,-0.6711845747246872,1.1465608974546129,-0.21434047205131243,-0.3417570771486425,-0.5234849492086783,-0.9593271053968786,0.0,0,0,1,0,0,0,0,0,0,0,0,0,Likuid,2
ZBRA,-0.13974935035334923,-0.03625955120896157,1.1723238887104748,-0.9993220284839266,-0.9575886050035398,-0.011631520937430714,-0.4134119857103776,-0.5439660005255011,0.5221385949337969,0.07876293009069303,-2.452133817595854,-0.8061517795414445,0.2753448215136977,1.3300607644196145,1.6397066117266317,0.0,0,0,0,0,0,0,1,0,0,0,0,0,Tidak Likuid,0
JTPE,0.5551658485866858,0.5032184971372708,-0.5745923227241692,0.21570783121836154,-0.038781119961610336,0.6585490500802148,0.6192367164572405,-0.6410932293676334,-1.178201993085876,-0.9306078790225886,0.6372856243121695,-0.10430736323447043,-0.3417570771486425,0.3349993813138994,0.7304284233672035,0.0,0,0,0,0,0,0,1,0,0,0,0,0,Menengah,1
BREN,1.4890404552092582,1.7280952260577116,-0.8240503530381852,2.658369671141734,1.995682485563941,1.0018509129118207,-0.363867222189935,-0.650439054804079,0.7941498354406332,0.6582781409745312,-1.3925253797612045,2.952368196853509,-0.3417570771486425,-1.0893041670531045,-1.0937077734796576,0.0,0,0,0,0,0,0,0,1,0,0,0,0,Likuid,2
BOAT,0.5302643184895028,0.8390130835449332,0.9026691636164551,-0.4359953082293492,-0.45356282435228557,0.7676393748181467,1.4507713488367315,-0.6228057562118023,1.9631368819139685,2.4735208486308733,-1.8814169395510243,2.661790953683492,-0.3417570771486425,-0.7752245339350883,-1.1573897956155645,0.0,0,0,0,1,0,0,0,0,0,0,0,0,Menengah,1
MSIE,-0.08739121645253697,-0.4136021104381051,-0.6417687880250313,-1.7854219767222521,-1.6002089535541344,0.4764877262145652,1.2224545804423257,0.14166780407919163,1.018950544580025,1.8950465619771326,0.10871738969440499,-0.19890509681810867,-0.3417570771486425,0.21793333624263886,-1.079758223159646,0.0,0,0,0,0,0,0,0,0,1,0,0,0,Tidak Likuid,0
IDEA,-0.4031285723926213,-0.6240899767248442,0.2120617890457159,-1.5460711913859297,-1.124134619068523,-0.10703750557298804,-0.16732526959040955,0.9217745571250122,0.291497123638244,1.2066068747748917,0.11457018801586955,-0.06967143195688956,-0.3417570771486425,0.15940031370700847,-0.9170134694261765,0.0,0,1,0,0,0,0,0,0,0,0,0,0,Menengah,1
TOBA,1.073983642470001,1.358634000854162,-0.0993319384489507,0.6101583704583824,0.35230270062639035,1.1583846914106282,2.019343276719791,-0.6486081620180895,1.2220822329860324,1.2804543630846617,-1.1712896032098514,2.952368196853509,-0.31971772362498746,-1.1088151745649815,-0.1376985915481903,0.0,0,0,0,1,0,0,0,0,0,0,0,0,Likuid,2
FOOD,-0.5636045575930584,-0.7709753162765832,0.5354458642051423,-1.2530527222502952,-0.4663697986750813,-0.5947506546803326,-0.7843617624250302,2.2134321258119556,-1.0824362911178793,-0.7922739657667884,1.0568707177716319,-0.8375933875647801,-0.31971772362498746,0.10086729117137831,-0.6903332767259865,0.0,0,0,1,0,0,0,0,0,0,0,0,0,Tidak Likuid,0
UNTD,0.48150163258644374,0.2814396150807116,-0.9436596193651254,-0.25931036767145504,-0.618602840439471,0.7941601687389885,1.0403187232775362,-0.6365328317057104,0.3987507568603296,-0.07451612385045285,-0.4785716120250713,0.622192492131432,-0.3417570771486425,0.003312253611994481,-1.1218393666250146,0.0,0,1,0,0,0,0,0,0,0,0,0,0,Menengah,1
PSDN,-0.09326286609403739,-0.13894447933520576,0.4320479176295217,-1.0440222043083083,-0.6816855235333145,0.09416864181600848,0.13627176918303344,-0.30791066033823855,-0.174881401280392,0.49377492524804983,0.24640302149439855,-0.18345101122631619,-0.3417570771486425,0.12037829868325503,1.36676041046507,0.0,0,0,1,0,0,0,0,0,0,0,0,0,Menengah,1
TAMU,-0.024772013018234923,-0.3117541318367533,-0.5939472116476318,-0.29023171897782646,-1.6715557119112512,0.5713556822728296,-0.56944614786836,0.017452969571057783,1.2255618981647427,-0.3550267723214314,-1.787589266460049,-0.5154389233787022,-0.3417570771486425,0.2569553512663923,-0.5489778334832015,0.0,0,0,0,1,0,0,0,0,0,0,0,0,Tidak Likuid,0
OLIV,-0.0838305721390927,-0.3259815777170686,-0.3572441216599097,-1.6318134515588483,-1.5674578790932507,0.49625812076096354,1.0828217195021608,0.6381285322391791,1.565706272439951,2.4735208486308733,-0.009801776315248267,1.480538608200725,-0.3417570771486425,0.2374443437545156,-0.9751365957595585,0.0,0,1,0,0,0,0,0,0,0,0,0,0,Tidak Likuid,0
BIMA,-0.1369861532598026,-0.07699025094863787,0.9700078359196147,-1.4338933134687155,-0.6528349604337967,0.03931075579967099,0.5693608141689365,1.5984944170493656,0.219352358168792,1.2439336412094744,-1.7811128093010515,0.3772835057416016,-0.3417570771486425,-0.13326479897114304,1.3781525432264128,0.0,0,1,0,0,0,0,0,0,0,0,0,0,Tidak Likuid,0
IPAC,-0.6825878597982687,-1.0838572775821753,-0.06663641414698072,-1.083853960841234,-0.48210437998633804,-0.7428021838586,-0.9777093871335286,2.8045222164546906,0.8988274538849309,1.8534685923911591,-0.05738246339941577,-1.6208123860926207,-0.29767837010133247,-0.7771280468630763,-0.900506501547496,0.0,0,0,0,0,0,0,0,0,1,0,0,0,Tidak Likuid,0
ASBI,-0.6832375421667046,-0.9210765483839156,0.6080308131914492,-0.8959960645984767,0.3589666547595145,-1.0899340890725975,-1.0219807702817316,1.8169687176143736,0.8190967592765056,0.9340036421728568,-1.1554870477418975,-0.3795836971747249,0.980604134270658,0.2569553512663923,1.7815270399800838,0.0,0,0,0,0,1,0,0,0,0,0,0,0,Tidak Likuid,0
LABS,0.2133358117185426,0.05718053242167243,-0.4688190621933271,-0.319379018607354,-0.3796868459473525,0.3522125070249734,0.15504992304797532,-0.5916371409513455,-0.8030261242694627,-0.13666547558868947,0.5216228712764234,-1.0014081432299338,-0.3417570771486425,-0.6600620017918156,-1.1573897956155645,0.0,0,0,0,0,0,1,0,0,0,0,0,0,Tidak Likuid,0
GRPH,-0.4232059248930799,-0.5094155018639906,0.8222646904701577,-1.4498654707120449,-0.969351058498508,-0.20921897633700684,-0.35270174532207393,-0.6454026768161958,-2.075195531007448,-1.8051688171446982,2.0546006904542042,-1.2237766205864624,-0.3417570771486425,3.008007410441017,-1.1169570240130104,0.0,0,1,0,0,0,0,0,0,0,0,0,0,Tidak Likuid,0
TIRA,-0.12125124290529803,-0.08174951773198955,0.8504709527204636,-0.5939533773148776,0.4236494589835069,-0.5363017638336993,-0.6812056950242612,1.3160430065769322,1.4208149831672663,1.6894094758779505,0.6525112102092854,-0.7194822567009774,0.12106934684811264,-0.5429959567205551,1.4709170528544904,0.0,0,0,0,0,0,0,1,0,0,0,0,0,Tidak Likuid,0
GMTD,-0.26639196858863434,-0.3431685854977428,0.5919358207927119,0.5776638065011399,1.5730034684088998,-1.0642986997124566,-1.0825694699281703,0.45830453818879885,0.09655810798221245,0.897806458464041,-1.2443764222491378,0.15397427760224333,-0.23156030953036746,-0.9137050994462137,0.8445822434859657,0.0,0,0,0,0,0,0,0,0,1,0,0,0,Tidak Likuid,0
DSFI,0.07327019134912917,-0.036202005133725935,-0.09369999836512526,-1.1076121343928613,-0.9126978993758402,0.405505520086043,0.8275243703568201,-0.5221589774738185,-0.06854149527035312,0.39435784310993743,0.6400496894864742,-0.05463001235471757,-0.3417570771486425,0.4325544188732833,0.90549527988335,0.0,0,0,1,0,0,0,0,0,0,0,0,0,Menengah,1
KMDS,0.10674534746388945,0.09359549778099342,0.23774367439818067,-0.36622170744757127,0.524887838625014,-0.15216737787474138,-0.10926368759810003,-0.4542148413436786,0.2798351396476038,0.5311909573230813,-0.1310145597342121,0.45018773946895785,-0.3417570771486425,-0.7381060318393228,-0.8316887199687717,0.0,0,0,1,0,0,0,0,0,0,0,0,0,Tidak Likuid,0
PDPP,0.5633066251795221,0.47938416593976574,-0.6901738425009216,0.2350601301589058,0.4722725503368194,0.45481874654667276,0.6091285872073023,-0.619819763976388,-0.37754245180131696,0.1810107568854987,0.12615469227973342,-0.16738877247054612,-0.3417570771486425,-0.6015289792561854,-1.0160552766982593,0.0,1,0,0,0,0,0,0,0,0,0,0,0,Tidak Likuid,0
BSSR,0.6966707130981563,0.641100516701427,-0.7670911705580872,1.1417534871181716,1.712763385617266,0.11505868879398679,-0.17152148102129086,-0.648140484296207,-1.3403576694920345,-1.1123557001159634,0.9137829020916525,-0.13646318923999978,-0.3417570771486425,-0.8551720769105833,-0.16676015471488134,0.0,0,0,0,1,0,0,0,0,0,0,0,0,Menengah,1
PPGL,-0.3264614382400375,-0.6730176879760749,-0.3877283042161567,-1.228097713441342,-0.5377165570321985,-0.2582187584073929,-0.3212447233580812,-0.05263932019314661,-1.2915042460216877,-0.6122887708505791,1.1166641708936194,-0.6243104414479992,-0.3417570771486425,0.3935324038495298,-0.8202965872074287,0.0,0,0,0,0,0,0,0,0,0,0,0,1,Tidak Likuid,0
SAME,0.26195160632409387,0.18058003808978162,-0.2692966721731068,0.7267216059316715,0.05130014362254269,0.23450857713345255,-0.7661607313556646,-0.5694199273204062,0.03873255521126213,0.36912863496909093,0.7551855679288781,-0.08436768888717895,-0.3417570771486425,-0.6405509942799389,-0.1816396750562271,0.0,0,0,0,0,0,1,0,0,0,0,0,0,Menengah,1
PLAN,-0.26940927655220726,-0.42865502034316777,0.24844077691108127,-1.746844112614202,-1.270915352902416,0.07952343520948665,0.41135402076916283,2.5919800531183133,0.8165036218273442,1.8704276267065743,0.31941812926712226,-1.2372711354030173,-0.31971772362498746,0.0813562836595016,-0.8335486600114399,0.0,0,1,0,0,0,0,0,0,0,0,0,0,Tidak Likuid,0
DILD,0.6864291805220009,0.6832171893404917,-0.5851602030198005,0.2202895701382394,-0.28247662794309647,0.9227451948549668,1.0976762349614237,-0.6447199034476889,-0.5753722383710936,-0.30897339134710805,-0.6509142240282857,1.174150065528613,-0.3417570771486425,-0.6600620017918156,1.631801866545292,0.0,0,0,0,0,0,0,0,0,1,0,0,0,Menengah,1
SOCI,0.31437821006054933,0.1701299018862149,-0.5648949616084703,0.06997191127049215,-0.24004775722018462,0.43154033476331927,-0.007884767422082136,-0.6211582730279757,-0.37508744958972207,-0.4735290065276248,0.4809734643776464,0.23430627354501948,-0.3417570771486425,-0.5234849492086783,-0.3422919962416951,0.0,0,0,0,1,0,0,0,0,0,0,0,0,Menengah,1
LAND,-0.4304413471661205,-0.7227804931622236,-0.03057409329883991,-1.4746977121495173,-1.6002089535541344,0.04632777921253895,-0.3520044666877929,1.0651320123828198,0.6766227724349669,-0.37015753875549107,-0.5276557899610312,0.09908001565845552,-0.3417570771486425,0.8227745691108186,-0.6582493109899598,0.0,0,0,0,0,0,0,0,0,1,0,0,0,Tidak Likuid,0
LPGI,-0.18634353678736268,-0.3369852419007521,0.14943434453433493,0.022306813441383293,0.21612814561011615,-0.41507686018538814,-0.9537408958297318,0.15276784525782783,0.24542259565846228,0.5370486524186344,0.26674294437394286,-0.869487378319406,-0.23156030953036746,-0.09424278394738936,1.1324079650888736,0.0,0,0,0,0,1,0,0,0,0,0,0,0,Tidak Likuid,0
INCI,-0.29581667215515517,-0.6431044466409102,-0.43330793062128353,-1.0286587271556762,0.5043868186478248,-0.655782857856001,-0.45952846978735445,0.1315987147847437,-1.264347271778074,-0.7532088587060212,1.477401532703956,-0.5256237837184518,-0.2756390165776775,0.19842232873076215,1.7264263162160376,0.0,1,0,0,0,0,0,0,0,0,0,0,0,Tidak Likuid,0
KEJU,0.2231435437918037,0.18300353643194822,-0.054619730908545654,-0.0812888386083382,0.5043868186478248,0.03364338548099762,-0.03934316113554037,-0.5272549582914039,1.2948867275075742,1.0063934757351063,-0.9509833887448486,1.0835251188488397,-0.3417570771486425,-0.7966390543749531,-0.7649633709380491,0.0,0,0,1,0,0,0,0,0,0,0,0,0,Tidak Likuid,0
WGSH,0.024550199344967976,-0.24053465410598965,-0.5859332742273682,-1.4519842419489752,-0.9966826413107832,0.32839322242114144,1.0261419461855137,0.4230145553644074,0.023682650657970372,0.9099921274375261,0.7408196084125566,-0.8480124093427633,-0.31971772362498746,-0.5039739416968015,-0.937472809895527,0.0,0,0,0,0,0,0,0,0,0,1,0,0,Tidak Likuid,0
PURA,-0.24792513824172624,-0.6862306755461687,-0.7958704481470072,-1.1777808771282476,-1.7106497482184944,0.3073722510922696,-0.22928468390894116,0.6614346406572836,0.9549076929428189,0.24223004795491637,-1.0633054741788341,-0.9401458647055596,-0.3417570771486425,0.9203296066702025,-0.7800753837847283,0.0,0,0,0,0,0,0,0,0,0,0,0,1,Tidak Likuid,0
NATO,-0.5256464211991893,-0.5083975066947846,1.4788695779310532,0.06964834726812476,-0.3158649958046004,-0.6029844015506529,-1.0898475010712927,1.9508311684906474,-0.6714839266542468,-0.391301084543662,1.343657835523386,-0.022462417498498893,-0.3417570771486425,0.2374443437545156,-0.6926582017793219,0.0,0,1,0,0,0,0,0,0,0,0,0,0,Tidak Likuid,0
INTP,1.00780224710596,0.9962036302850358,-0.9983278816249851,1.4752333171213028,1.9275333724647696,0.42524491059561986,0.39695304328182224,-0.6494742462925088,-0.5791838533937473,-0.5058302267798231,-0.30835005525095743,0.984625954527045,-0.3417570771486425,-0.7966390543749531,1.780132084948083,0.0,1,0,0,0,0,0,0,0,0,0,0,0,Likuid,2
BBLD,-0.32489359075044233,-0.593378746396742,-0.0999380186250954,0.025060623153185805,0.582530090629364,-0.7132385714620099,-1.0253722339256357,1.2386375062216513,-0.004116367688188556,0.2233060429854764,0.6420536367378451,-0.7498958048865865,-0.12136354191209243,0.10086729117137831,1.7445607316320528,0.0,0,0,0,0,1,0,0,0,0,0,0,0,Tidak Likuid,0
PEVE,0.1494826607275797,-0.06808182082705969,-0.5921645606660063,-0.3520838808853405,0.06437433434652663,0.08488421112959009,-0.013456929302145397,-0.5628925641186187,-0.4521192753056951,0.1539503413201145,1.3066530461360628,-0.10021141326780565,-0.3417570771486425,-0.5039739416968015,-1.0337247071036075,0.0,0,0,0,0,0,1,0,0,0,0,0,0,Tidak Likuid,0
BTEK,0.23156421804236316,0.034242329992451026,-0.6325693394775174,-0.7158279972554387,-2.020081001525476,1.2252454699552777,0.8889432194726269,-0.3631631500786802,2.3386621899904116,2.4735208486308733,-1.1554870477418975,1.01086071092482,-0.3417570771486425,1.3300607644196145,0.5539666118190556,0.0,0,0,1,0,0,0,0,0,0,0,0,0,Menengah,1
CPRO,0.31537571780131407,0.4809381281786222,0.6455941201963683,0.5083680070864458,-0.969351058498508,0.7333564240505295,-0.4901590192313952,-0.6486286387858782,-0.9437610521261522,-1.1939763819335087,1.2412338648977597,-0.9109660995180254,-0.3417570771486425,2.0909900573828084,0.3382135668695415,0.0,0,0,1,0,0,0,0,0,0,0,0,0,Likuid,2
HEXA,0.601697605775496,0.5513122634233872,-0.6305242816047081,0.6691552970772202,1.803479705563454,-0.05690904946023725,0.09261189339585477,-0.6453004870674177,-1.1451343637247746,-1.0892270453003396,-0.12743975893449527,0.4833711795783471,-0.3417570771486425,-0.6795730093036925,1.3393262948357134,0.0,0,0,0,0,0,0,1,0,0,0,0,0,Menengah,1
ICBP,1.2735764455378908,1.3560879237992216,-1.0281273756320717,2.3203302467610976,2.297473355596356,0.6064245140201749,0.11704905374257915,-0.6503761193148342,-1.0507605882940245,-0.7141873578795324,0.7695234689305193,-0.2061460129636193,-0.3417570771486425,-1.1283261820768582,0.0106316268546006,0.0,0,0,1,0,0,0,0,0,0,0,0,0,Likuid,2
RMKO,0.05855160862814762,-0.0320208745217074,0.0026563056679455893,-0.8394901318122308,-0.34059280964010946,0.161525409677796,0.40986356933631424,-0.45039213760984187,-0.015994710872709293,0.43189292304258986,-1.36683016761819,-0.5111511872656119,-0.3417570771486425,-0.3478858816017874,-1.0774332981063108,0.0,0,0,0,1,0,0,0,0,0,0,0,0,Menengah,1
ARTO,1.04204695794192,1.1093082859816439,-0.8091824981235928,1.6504921936907815,1.3524147677436342,0.7190461867390987,0.3067464108189384,-0.6491259511183294,-0.1314193397908472,0.07480220990378342,-1.1415728479587934,2.367292532310182,-0.3417570771486425,-0.9722381219818439,-0.43645146090177395,0.0,0,0,0,0,1,0,0,0,0,0,0,0,Likuid,2
ANDI,-0.1394940126451891,-0.35375470953050964,-0.1727585183518888,-1.2568805558053933,-2.020081001525476,0.5765854337698749,0.18163834506947218,0.3776661330505143,2.142483853617214,1.3924786832952598,-0.29512569448663595,-0.5605015415108231,-0.3417570771486425,0.8227745691108186,-0.656621863452625,0.0,0,0,1,0,0,0,0,0,0,0,0,0,Tidak Likuid,0
DVLA,-0.10142106421831985,-0.38137983909632195,-0.46665739357162306,0.2854323793463,1.1443145059037472,-0.6713181967970837,-0.960592324631273,-0.2927194506249075,-1.2233415448480238,-1.0262927574637082,0.8069900886089468,-0.3931342361981706,-0.3417570771486425,-0.5234849492086783,1.3611805903370653,0.0,0,0,0,0,0,1,0,0,0,0,0,0,Tidak Likuid,0
BRMS,1.538056917975664,1.7850916696138652,-0.8893040161716559,1.8955299780434898,0.24879089939993668,1.54977045184518,1.831367702238556,-0.6504384195840872,0.7420875406868245,0.7640580566243352,-0.27770947276082103,1.9076047161906733,-0.3417570771486425,-1.0893041670531045,-0.004015400981411716,0.0,1,0,0,0,0,0,0,0,0,0,0,0,Likuid,2
ASGR,0.3989060920489437,0.19049389303604017,-0.873391296091105,0.05373002463603287,0.7391257900288453,0.13309142081884007,0.28104805304512565,-0.6331576563380489,-1.2025239473686573,-0.863377393948666,1.368556480316356,-0.04629154574795407,-0.3417570771486425,-0.4064189041374177,1.7847819350547531,0.0,0,0,0,0,0,0,1,0,0,0,0,0,Menengah,1
MAPB,-0.8890008353328082,-0.6913945300287894,3.0405477854535756,0.5602407112598085,1.033220848965215,-1.6962767197728983,-1.1208013269312251,1.0328844388833387,-0.16473707261072965,-0.8328764450727326,-0.4131827974709107,-1.0220519256610914,1.4654699117910683,1.3690827794433684,-0.5587425187072097,0.0,0,1,0,0,0,0,0,0,0,0,0,0,Tidak Likuid,0
BCAP,0.625627313545774,0.7376823650450682,-0.08141735003533401,0.41069226923002833,-0.8914414263952063,1.0916411289209877,0.5589188744988566,-0.6382649646527837,0.464571113963161,0.8359714353275993,-1.272809050458524,0.19102655568604787,-0.3417570771486425,0.061845276147624625,0.8029660850312643,0.0,0,0,0,0,1,0,0,0,0,0,0,0,Menengah,1
RELI,-0.8442720197241226,-0.7964025463777608,2.223346953433745,-0.10499545735013496,0.36424553192764325,-1.303125119326315,-1.1134499701771674,2.8830721612159222,1.2566762765721964,0.5840629229908032,-0.26000890455784986,-0.22728458579978295,0.3414628820846628,-0.3478858816017874,0.4551572970523063,0.0,0,0,0,0,1,0,0,0,0,0,0,0,Tidak Likuid,0
EMTK,1.0533124026794716,1.1104325484044062,-0.8531161066957015,1.6372284963806514,0.4295765837818717,1.1006716274922936,0.3325855222892942,-0.6494801544356344,0.010049827103067796,0.2377753892173087,0.7111898169101429,1.7149760203943434,-0.3417570771486425,-0.8941940919343369,0.07293961828398612,0.0,0,0,0,0,0,0,0,0,0,1,0,0,Likuid,2
MAXI,-0.09658432678208315,-0.34884115526021453,-0.3754547051853464,-0.3288465836470616,-0.9236125608200098,0.19021593352880323,-0.635407934381358,-0.3253653356961693,-1.1635808415670321,-0.6520287439977841,1.400167612420283,-1.176697190828058,-0.3417570771486425,1.2129947193483541,-1.066041165344968,0.0,0,0,1,0,0,0,0,0,0,0,0,0,Tidak Likuid,0
MNCN,0.9142256333199709,0.9344361889160326,-0.798575041593304,0.678001345414951,0.06867043264787337,1.0808308702134002,1.2983065564407763,-0.6488271869258643,-0.6295082529620928,-0.42763552729062554,0.17681679999829414,1.1155907378803982,-0.3417570771486425,-0.5429959567205551,0.29032011077083486,0.0,0,1,0,0,0,0,0,0,0,0,0,0,Likuid,2
ADES,0.4058019636898633,0.18174496904849072,-0.9267618588875569,0.8321485571707012,2.2235959080408887,-0.48354450889555395,-0.6058133684335165,-0.6282759530058151,-1.0085880464654622,-0.6897113312547448,0.8967973157312363,-0.08474208281873184,-0.3417570771486425,-0.87468308442246,1.396286958642428,0.0,0,0,1,0,0,0,0,0,0,0,0,0,Menengah,1
MORA,-0.3331499506744132,-0.527384646213904,0.20823010889786406,1.0784536145682062,0.3005696625836249,-0.6195038151851401,-1.1117848161306447,0.2627433469771766,0.2338289459749719,0.514979430345074,0.26608994621411,-0.5214687773775375,-0.3417570771486425,-0.4454409191611713,-0.9944334737022413,0.0,0,0,0,0,0,0,0,1,0,0,0,0,Menengah,1
